Bigram,Name,SumWeights,DiffEntries,DiffValue
"('ENB.TO', 'XOM')","('Enbridge Inc', 'Exxon Mobil Corp')",0.33239999499999995,New,New
"('TRP.TO', 'XOM')","('TC Energy Corp', 'Exxon Mobil Corp')",0.297499994,New,New
"('CVX', 'ENB.TO')","('Chevron Corp', 'Enbridge Inc')",0.29400000000000004,New,New
"('EBS', 'OMV')","('Erste Group Bank AG.', 'Omv AG')",0.28400000000000003,New,New
"('GRMN', 'VZ')","('Garmin Ltd', 'Verizon Communications Inc')",0.27039999000000003,New,New
"('CSCO', 'GRMN')","('Cisco Systems Inc', 'Garmin Ltd')",0.27019999,New,New
"('ANET', 'VZ')","('Arista Networks Inc', 'Verizon Communications Inc')",0.26989999200000003,New,New
"('ANET', 'CSCO')","('Arista Networks Inc', 'Cisco Systems Inc')",0.269699992,New,New
"('CSCO', 'TMUS')","('Cisco Systems Inc', 'T-Mobile US Inc')",0.268699986,New,New
"('NPN.JO', 'SSW.JO')","('Naspers Ltd Class N', 'Sibanye Stillwater Ltd Ordinary Shares')",0.26479999,New,New
"('LUMN', 'VZ')","('Lumen Technologies Inc Ordinary Shares', 'Verizon Communications Inc')",0.264599988,New,New
"('CSCO', 'LUMN')","('Cisco Systems Inc', 'Lumen Technologies Inc Ordinary Shares')",0.264399988,New,New
"('CVX', 'TRP.TO')","('Chevron Corp', 'TC Energy Corp')",0.259099999,New,New
"('FFIV', 'VZ')","('F5 Networks Inc', 'Verizon Communications Inc')",0.25759999,New,New
"('CSCO', 'FFIV')","('Cisco Systems Inc', 'F5 Networks Inc')",0.25739999,New,New
"('NPN.JO', 'SLM.JO')","('Naspers Ltd Class N', 'Sanlam Ltd')",0.252599989,New,New
"('LBTYK.L', 'VZ')","('Liberty Global PLC C', 'Verizon Communications Inc')",0.252199989,New,New
"('CSCO', 'LBTYK.L')","('Cisco Systems Inc', 'Liberty Global PLC C')",0.251999989,New,New
"('EBS', 'VER')","('Erste Group Bank AG.', 'Verbund AG')",0.2506,New,New
"('SLB', 'WHD')","('Schlumberger Ltd', 'Cactus Inc Class A')",0.25020000200000003,New,New
"('D05.SI', 'S68.SI')","('DBS Group Holdings Ltd', 'Singapore Exchange Ltd')",0.2437,New,New
"('HAL', 'WHD')","('Halliburton Co', 'Cactus Inc Class A')",0.242500002,New,New
"('A17U.SI', 'D05.SI')","('Ascendas Real Estate Investment Trust Units Real Estate Investment Trust', 'DBS Group Holdings Ltd')",0.240699998,New,New
"('BN4.SI', 'D05.SI')","('Keppel Corp Ltd', 'DBS Group Holdings Ltd')",0.24059999999999998,New,New
"('000270.KS', '005930.KS')","('Kia Corp', 'Samsung Electronics Co Ltd')",0.2372,New,New
"('D05.SI', 'F34.SI')","('DBS Group Holdings Ltd', 'Wilmar International Ltd')",0.2369,New,New
"('C6L.SI', 'D05.SI')","('Singapore Airlines Ltd', 'DBS Group Holdings Ltd')",0.2344,New,New
"('D05.SI', 'M44U.SI')","('DBS Group Holdings Ltd', 'Mapletree Logistics Trust')",0.2333,New,New
"('EBS', 'VOE')","('Erste Group Bank AG.', 'Vanguard Mid-Cap Value ETF')",0.2208,New,New
"('OMV', 'VER')","('Omv AG', 'Verbund AG')",0.2204,New,New
"('PEP', 'TSLA')","('PepsiCo Inc', 'Tesla Inc')",0.22,New,New
"('PM', 'TSLA')","('Philip Morris International Inc', 'Tesla Inc')",0.2049,New,New
"('EBS', 'WIE')","('Erste Group Bank AG.', 'Wienerberger AG')",0.2036,New,New
"('ANDR', 'EBS')","('Andritz AG', 'Erste Group Bank AG.')",0.20280000199999998,New,New
"('EBS', 'RBI')","('Erste Group Bank AG.', 'Raiffeisen Bank International AG')",0.2006,New,New
"('BG', 'EBS')","('Bunge Ltd', 'Erste Group Bank AG.')",0.20049999999999998,New,New
"('CAI', 'EBS')","('CA Immobilien Anlagen AG', 'Erste Group Bank AG.')",0.20029999999999998,New,New
"('EBS', 'IIA')","('Erste Group Bank AG.', 'Immofinanz AG')",0.1921,New,New
"('OMV', 'VOE')","('Omv AG', 'Vanguard Mid-Cap Value ETF')",0.19060000000000002,New,New
"('O39.SI', 'S68.SI')","('Oversea-Chinese Banking Corp Ltd', 'Singapore Exchange Ltd')",0.1888,New,New
"('A17U.SI', 'O39.SI')","('Ascendas Real Estate Investment Trust Units Real Estate Investment Trust', 'Oversea-Chinese Banking Corp Ltd')",0.185799998,New,New
"('BN4.SI', 'O39.SI')","('Keppel Corp Ltd', 'Oversea-Chinese Banking Corp Ltd')",0.18569999999999998,New,New
"('MO', 'TSLA')","('Altria Group Inc', 'Tesla Inc')",0.18480000100000002,New,New
"('MDLZ', 'TSLA')","('Mondelez International Inc Class A', 'Tesla Inc')",0.184700002,New,New
"('F34.SI', 'O39.SI')","('Wilmar International Ltd', 'Oversea-Chinese Banking Corp Ltd')",0.182,New,New
"('HD', 'JCI')","('The Home Depot Inc', 'Johnson Controls International PLC')",0.1818,New,New
"('JCI', 'LOW')","('Johnson Controls International PLC', ""Lowe's Companies Inc"")",0.181400003,New,New
"('ATVI', 'TSLA')","('Activision Blizzard Inc', 'Tesla Inc')",0.1806,New,New
"('C6L.SI', 'O39.SI')","('Singapore Airlines Ltd', 'Oversea-Chinese Banking Corp Ltd')",0.1795,New,New
"('M44U.SI', 'O39.SI')","('Mapletree Logistics Trust', 'Oversea-Chinese Banking Corp Ltd')",0.1784,New,New
"('COP', 'ENB.TO')","('ConocoPhillips', 'Enbridge Inc')",0.1745,New,New
"('OMV', 'WIE')","('Omv AG', 'Wienerberger AG')",0.1734,New,New
"('ANDR', 'OMV')","('Andritz AG', 'Omv AG')",0.17260000200000003,New,New
"('EXPD', 'KSU')","('Expeditors International of Washington Inc', 'Kansas City Southern')",0.1726,New,New
"('OMV', 'RBI')","('Omv AG', 'Raiffeisen Bank International AG')",0.1704,New,New
"('BG', 'OMV')","('Bunge Ltd', 'Omv AG')",0.1703,New,New
"('CAI', 'OMV')","('CA Immobilien Anlagen AG', 'Omv AG')",0.17010000000000003,New,New
"('CHRW', 'FDX')","('C.H. Robinson Worldwide Inc', 'FedEx Corp')",0.16500001,New,New
"('IIA', 'OMV')","('Immofinanz AG', 'Omv AG')",0.16190000000000002,New,New
"('FND', 'JCI')","('Floor & Decor Holdings Inc', 'Johnson Controls International PLC')",0.1619,New,New
"('FND', 'HD')","('Floor & Decor Holdings Inc', 'The Home Depot Inc')",0.1593,New,New
"('FND', 'LOW')","('Floor & Decor Holdings Inc', ""Lowe's Companies Inc"")",0.15890000299999998,New,New
"('CHRW', 'KSU')","('C.H. Robinson Worldwide Inc', 'Kansas City Southern')",0.1587,New,New
"('CAR', 'FDX')","('Avis Budget Group Inc', 'FedEx Corp')",0.15840001,New,New
"('VER', 'VOE')","('Verbund AG', 'Vanguard Mid-Cap Value ETF')",0.1572,New,New
"('CAR', 'KSU')","('Avis Budget Group Inc', 'Kansas City Southern')",0.1521,New,New
"('S68.SI', 'U11.SI')","('Singapore Exchange Ltd', 'United Overseas Bank Ltd')",0.1491,New,New
"('A17U.SI', 'U11.SI')","('Ascendas Real Estate Investment Trust Units Real Estate Investment Trust', 'United Overseas Bank Ltd')",0.146099998,New,New
"('BN4.SI', 'U11.SI')","('Keppel Corp Ltd', 'United Overseas Bank Ltd')",0.146,New,New
"('CAR', 'NSC')","('Avis Budget Group Inc', 'Norfolk Southern Corp')",0.1445,New,New
"('F34.SI', 'U11.SI')","('Wilmar International Ltd', 'United Overseas Bank Ltd')",0.14229999999999998,New,New
"('DG.PA', 'MC.PA')","('Vinci SA', 'LVMH Moet Hennessy Louis Vuitton SE')",0.14029999999999998,New,New
"('VER', 'WIE')","('Verbund AG', 'Wienerberger AG')",0.14,New,New
"('C6L.SI', 'U11.SI')","('Singapore Airlines Ltd', 'United Overseas Bank Ltd')",0.13979999999999998,New,New
"('COP', 'TRP.TO')","('ConocoPhillips', 'TC Energy Corp')",0.139599999,New,New
"('ANDR', 'VER')","('Andritz AG', 'Verbund AG')",0.139200002,New,New
"('M44U.SI', 'U11.SI')","('Mapletree Logistics Trust', 'United Overseas Bank Ltd')",0.1387,New,New
"('ENB.TO', 'EOG')","('Enbridge Inc', 'EOG Resources Inc')",0.13869999700000002,New,New
"('RBI', 'VER')","('Raiffeisen Bank International AG', 'Verbund AG')",0.137,New,New
"('BG', 'VER')","('Bunge Ltd', 'Verbund AG')",0.1369,New,New
"('CAI', 'VER')","('CA Immobilien Anlagen AG', 'Verbund AG')",0.1367,New,New
"('IIA', 'VER')","('Immofinanz AG', 'Verbund AG')",0.1285,New,New
"('CHRW', 'UPS')","('C.H. Robinson Worldwide Inc', 'United Parcel Service Inc Class B')",0.12689999999999999,New,New
"('SCHW', 'V')","('Charles Schwab Corp', 'Visa Inc Class A')",0.123500001,New,New
"('KO', 'NKE')","('Coca-Cola Co', 'Nike Inc B')",0.122899998,New,New
"('GM', 'PG')","('General Motors Co', 'Procter & Gamble Co')",0.1226,New,New
"('ATVI', 'PG')","('Activision Blizzard Inc', 'Procter & Gamble Co')",0.1222,New,New
"('NKE', 'PEP')","('Nike Inc B', 'PepsiCo Inc')",0.12129999799999999,New,New
"('CAR', 'UPS')","('Avis Budget Group Inc', 'United Parcel Service Inc Class B')",0.12029999999999999,New,New
"('EXPD', 'LSTR')","('Expeditors International of Washington Inc', 'Landstar System Inc')",0.1198,New,New
"('LMT', 'TXT')","('Lockheed Martin Corp', 'Textron Inc')",0.1136,New,New
"('BA', 'TXT')","('Boeing Co', 'Textron Inc')",0.1131,New,New
"('RTX', 'TXT')","('Raytheon Technologies Corp', 'Textron Inc')",0.1127,New,New
"('ASSA B', 'INVE B')","('Assa Abloy AB B', 'Investor AB B')",0.1111,New,New
"('VOE', 'WIE')","('Vanguard Mid-Cap Value ETF', 'Wienerberger AG')",0.1102,New,New
"('ASSA B', 'ATCO A')","('Assa Abloy AB B', 'Atlas Copco AB A')",0.1098,New,New
"('HEXA B', 'INVE B')","('Hexagon AB Class B', 'Investor AB B')",0.109499996,New,New
"('ANDR', 'VOE')","('Andritz AG', 'Vanguard Mid-Cap Value ETF')",0.10940000200000001,New,New
"('AXON', 'LMT')","('Axon Enterprise Inc', 'Lockheed Martin Corp')",0.1092,New,New
"('JCI', 'TT')","('Johnson Controls International PLC', 'Trane Technologies PLC')",0.10919999999999999,New,New
"('ABT', 'GILD')","('Abbott Laboratories', 'Gilead Sciences Inc')",0.109099998,New,New
"('INVE B', 'SAND')","('Investor AB B', 'Sandvik AB')",0.10900000000000001,New,New
"('AXON', 'BA')","('Axon Enterprise Inc', 'Boeing Co')",0.1087,New,New
"('BIIB', 'TECH')","('Biogen Inc', 'Bio-Techne Corp')",0.1085,New,New
"('AXON', 'RTX')","('Axon Enterprise Inc', 'Raytheon Technologies Corp')",0.10830000000000001,New,New
"('ATCO A', 'HEXA B')","('Atlas Copco AB A', 'Hexagon AB Class B')",0.10819999599999999,New,New
"('EA', 'ROKU')","('Electronic Arts Inc', 'Roku Inc Class A')",0.108,New,New
"('CERN', 'ROKU')","('Cerner Corp', 'Roku Inc Class A')",0.1078,New,New
"('ATCO A', 'SAND')","('Atlas Copco AB A', 'Sandvik AB')",0.10769999999999999,New,New
"('ABT', 'AMGN')","('Abbott Laboratories', 'Amgen Inc')",0.1073,New,New
"('JCI', 'MLM')","('Johnson Controls International PLC', 'Martin Marietta Materials Inc')",0.1073,New,New
"('BIIB', 'CTLT')","('Biogen Inc', 'Catalent Inc')",0.10729999800000001,New,New
"('ORCL', 'ROKU')","('Oracle Corp', 'Roku Inc Class A')",0.107200002,New,New
"('RBI', 'VOE')","('Raiffeisen Bank International AG', 'Vanguard Mid-Cap Value ETF')",0.1072,New,New
"('BG', 'VOE')","('Bunge Ltd', 'Vanguard Mid-Cap Value ETF')",0.1071,New,New
"('JCI', 'PHM')","('Johnson Controls International PLC', 'PulteGroup Inc')",0.107,New,New
"('CAI', 'VOE')","('CA Immobilien Anlagen AG', 'Vanguard Mid-Cap Value ETF')",0.10690000000000001,New,New
"('HD', 'TT')","('The Home Depot Inc', 'Trane Technologies PLC')",0.1066,New,New
"('LOW', 'TT')","(""Lowe's Companies Inc"", 'Trane Technologies PLC')",0.10650000300000001,New,New
"('JCI', 'VMC')","('Johnson Controls International PLC', 'Vulcan Materials Co')",0.1064,New,New
"('NKE', 'PM')","('Nike Inc B', 'Philip Morris International Inc')",0.10619999799999999,New,New
"('EVO', 'INVE B')","('Evolution AB', 'Investor AB B')",0.10590000200000001,New,New
"('CHRW', 'LSTR')","('C.H. Robinson Worldwide Inc', 'Landstar System Inc')",0.1059,New,New
"('BIIB', 'QGEN')","('Biogen Inc', 'Qiagen NV')",0.1051,New,New
"('AA', 'MP')","('Alcoa Corp', 'MP Materials Corp Ordinary Shares - Class A')",0.105099995,New,New
"('ILMN', 'TECH')","('Illumina Inc', 'Bio-Techne Corp')",0.10500000000000001,New,New
"('MA', 'SCHW')","('Mastercard Inc A', 'Charles Schwab Corp')",0.104799997,New,New
"('HD', 'MLM')","('The Home Depot Inc', 'Martin Marietta Materials Inc')",0.1047,New,New
"('MLM', 'TT')","('Martin Marietta Materials Inc', 'Trane Technologies PLC')",0.1047,New,New
"('LOW', 'MLM')","(""Lowe's Companies Inc"", 'Martin Marietta Materials Inc')",0.104600003,New,New
"('ATCO A', 'EVO')","('Atlas Copco AB A', 'Evolution AB')",0.104600002,New,New
"('PHM', 'TT')","('PulteGroup Inc', 'Trane Technologies PLC')",0.10439999999999999,New,New
"('HD', 'VMC')","('The Home Depot Inc', 'Vulcan Materials Co')",0.1038,New,New
"('CTLT', 'ILMN')","('Catalent Inc', 'Illumina Inc')",0.103799998,New,New
"('EOG', 'TRP.TO')","('EOG Resources Inc', 'TC Energy Corp')",0.103799996,New,New
"('LOW', 'VMC')","(""Lowe's Companies Inc"", 'Vulcan Materials Co')",0.10370000300000001,New,New
"('CENX', 'MP')","('Century Aluminum Co', 'MP Materials Corp Ordinary Shares - Class A')",0.103699997,New,New
"('HUBS', 'MSFT')","('HubSpot Inc', 'Microsoft Corp')",0.1036,New,New
"('ASSA B', 'ERIC B')","('Assa Abloy AB B', 'Telefonaktiebolaget L M Ericsson Class B')",0.103000003,New,New
"('MLM', 'PHM')","('Martin Marietta Materials Inc', 'PulteGroup Inc')",0.10250000000000001,New,New
"('MP', 'RGLD')","('MP Materials Corp Ordinary Shares - Class A', 'Royal Gold Inc')",0.102299999,New,New
"('CMC', 'MP')","('Commercial Metals Co', 'MP Materials Corp Ordinary Shares - Class A')",0.102199997,New,New
"('RIG', 'SLCA')","('Transocean Ltd', 'US Silica Holdings Inc')",0.102099998,New,New
"('ASSA B', 'NDA SE')","('Assa Abloy AB B', 'Nordea Bank Abp')",0.10200000000000001,New,New
"('FSR.JO', 'SSW.JO')","('Firstrand Ltd', 'Sibanye Stillwater Ltd Ordinary Shares')",0.1018,New,New
"('MP', 'STLD')","('MP Materials Corp Ordinary Shares - Class A', 'Steel Dynamics Inc')",0.1017,New,New
"('ILMN', 'QGEN')","('Illumina Inc', 'Qiagen NV')",0.1016,New,New
"('PHM', 'VMC')","('PulteGroup Inc', 'Vulcan Materials Co')",0.1016,New,New
"('CAR', 'JBHT')","('Avis Budget Group Inc', 'JB Hunt Transport Services Inc')",0.10139999999999999,New,New
"('ERIC B', 'HEXA B')","('Telefonaktiebolaget L M Ericsson Class B', 'Hexagon AB Class B')",0.10139999899999999,New,New
"('FCX', 'MP')","('Freeport-McMoRan Inc', 'MP Materials Corp Ordinary Shares - Class A')",0.101299994,New,New
"('ERIC B', 'SAND')","('Telefonaktiebolaget L M Ericsson Class B', 'Sandvik AB')",0.100900003,New,New
"('MP', 'NEM')","('MP Materials Corp Ordinary Shares - Class A', 'Newmont Corp')",0.10089999399999999,New,New
"('MP', 'NUE')","('MP Materials Corp Ordinary Shares - Class A', 'Nucor Corp')",0.100799997,New,New
"('HUBS', 'RBLX')","('HubSpot Inc', 'Roblox Corp Ordinary Shares - Class A')",0.1004,New,New
"('HEXA B', 'NDA SE')","('Hexagon AB Class B', 'Nordea Bank Abp')",0.10039999599999999,New,New
"('EA', 'HUBS')","('Electronic Arts Inc', 'HubSpot Inc')",0.1003,New,New
"('CERN', 'HUBS')","('Cerner Corp', 'HubSpot Inc')",0.1001,New,New
"('MNST', 'STZ')","('Monster Beverage Corp', 'Constellation Brands Inc A')",0.1,New,New
"('CLF', 'MP')","('Cleveland-Cliffs Inc', 'MP Materials Corp Ordinary Shares - Class A')",0.09999999700000001,New,New
"('NDA SE', 'SAND')","('Nordea Bank Abp', 'Sandvik AB')",0.0999,New,New
"('MDLZ', 'STZ')","('Mondelez International Inc Class A', 'Constellation Brands Inc A')",0.0999,New,New
"('ATVI', 'HUBS')","('Activision Blizzard Inc', 'HubSpot Inc')",0.0996,New,New
"('HUBS', 'ORCL')","('HubSpot Inc', 'Oracle Corp')",0.099500002,New,New
"('ASSA B', 'VOLV B')","('Assa Abloy AB B', 'Volvo AB B')",0.0994,New,New
"('CAR', 'LSTR')","('Avis Budget Group Inc', 'Landstar System Inc')",0.0993,New,New
"('GIS', 'STZ')","('General Mills Inc', 'Constellation Brands Inc A')",0.0993,New,New
"('KDP', 'STZ')","('Keurig Dr Pepper Inc', 'Constellation Brands Inc A')",0.099099997,New,New
"('KDP', 'MDLZ')","('Keurig Dr Pepper Inc', 'Mondelez International Inc Class A')",0.098999997,New,New
"('NBR', 'RIG')","('Nabors Industries Ltd', 'Transocean Ltd')",0.098799998,New,New
"('IIA', 'VOE')","('Immofinanz AG', 'Vanguard Mid-Cap Value ETF')",0.09870000000000001,New,New
"('MNST', 'SYY')","('Monster Beverage Corp', 'Sysco Corp')",0.098499998,New,New
"('STZ', 'SYY')","('Constellation Brands Inc A', 'Sysco Corp')",0.098499998,New,New
"('MDLZ', 'SYY')","('Mondelez International Inc Class A', 'Sysco Corp')",0.098399998,New,New
"('GIS', 'KDP')","('General Mills Inc', 'Keurig Dr Pepper Inc')",0.09839999699999999,New,New
"('GD', 'HON')","('General Dynamics Corp', 'Honeywell International Inc')",0.09820000300000001,New,New
"('CTLT', 'TECH')","('Catalent Inc', 'Bio-Techne Corp')",0.09819999800000001,New,New
"('GILD', 'TECH')","('Gilead Sciences Inc', 'Bio-Techne Corp')",0.097999998,New,New
"('ERIC B', 'EVO')","('Telefonaktiebolaget L M Ericsson Class B', 'Evolution AB')",0.097800005,New,New
"('ALXN', 'TECH')","('Alexion Pharmaceuticals Inc', 'Bio-Techne Corp')",0.0978,New,New
"('GIS', 'SYY')","('General Mills Inc', 'Sysco Corp')",0.097799998,New,New
"('HEXA B', 'VOLV B')","('Hexagon AB Class B', 'Volvo AB B')",0.097799996,New,New
"('PYPL', 'UNP')","('PayPal Holdings Inc', 'Union Pacific Corp')",0.09770000000000001,New,New
"('KDP', 'SYY')","('Keurig Dr Pepper Inc', 'Sysco Corp')",0.097599995,New,New
"('BIIB', 'MRK')","('Biogen Inc', 'Merck & Co Inc')",0.097300002,New,New
"('SAND', 'VOLV B')","('Sandvik AB', 'Volvo AB B')",0.0973,New,New
"('HON', 'NOC')","('Honeywell International Inc', 'Northrop Grumman Corp')",0.09709999999999999,New,New
"('INVE B', 'SEB A')","('Investor AB B', 'Skandinaviska Enskilda Banken AB A')",0.097,New,New
"('KHC', 'MNST')","('The Kraft Heinz Co', 'Monster Beverage Corp')",0.097,New,New
"('KHC', 'STZ')","('The Kraft Heinz Co', 'Constellation Brands Inc A')",0.097,New,New
"('EVO', 'NDA SE')","('Evolution AB', 'Nordea Bank Abp')",0.096800002,New,New
"('ALXN', 'CTLT')","('Alexion Pharmaceuticals Inc', 'Catalent Inc')",0.09659999799999999,New,New
"('AIR', 'TTE.PA')","('Airbus SE', 'TotalEnergies SE')",0.096500002,New,New
"('AMGN', 'TECH')","('Amgen Inc', 'Bio-Techne Corp')",0.0964,New,New
"('MSFT', 'RBLX')","('Microsoft Corp', 'Roblox Corp Ordinary Shares - Class A')",0.0964,New,New
"('OII', 'RIG')","('Oceaneering International Inc', 'Transocean Ltd')",0.096399998,New,New
"('GIS', 'KHC')","('General Mills Inc', 'The Kraft Heinz Co')",0.0963,New,New
"('ADM', 'MNST')","('Archer-Daniels Midland Co', 'Monster Beverage Corp')",0.0963,New,New
"('ADM', 'STZ')","('Archer-Daniels Midland Co', 'Constellation Brands Inc A')",0.0963,New,New
"('EA', 'MSFT')","('Electronic Arts Inc', 'Microsoft Corp')",0.0963,New,New
"('HP', 'SLCA')","('Helmerich & Payne Inc', 'US Silica Holdings Inc')",0.0963,New,New
"('CERN', 'MSFT')","('Cerner Corp', 'Microsoft Corp')",0.09609999999999999,New,New
"('KDP', 'KHC')","('Keurig Dr Pepper Inc', 'The Kraft Heinz Co')",0.09609999699999999,New,New
"('QGEN', 'TECH')","('Qiagen NV', 'Bio-Techne Corp')",0.096,New,New
"('PFE', 'SAVA')","('Pfizer Inc', 'Cassava Sciences Inc')",0.095999996,New,New
"('ATCO A', 'SEB A')","('Atlas Copco AB A', 'Skandinaviska Enskilda Banken AB A')",0.0957,New,New
"('ATVI', 'MSFT')","('Activision Blizzard Inc', 'Microsoft Corp')",0.09559999999999999,New,New
"('AA', 'CENX')","('Alcoa Corp', 'Century Aluminum Co')",0.095599998,New,New
"('NBR', 'SLCA')","('Nabors Industries Ltd', 'US Silica Holdings Inc')",0.0955,New,New
"('KHC', 'SYY')","('The Kraft Heinz Co', 'Sysco Corp')",0.095499998,New,New
"('ADM', 'KDP')","('Archer-Daniels Midland Co', 'Keurig Dr Pepper Inc')",0.095399997,New,New
"('AMGN', 'CTLT')","('Amgen Inc', 'Catalent Inc')",0.09519999800000001,New,New
"('HAL', 'SLCA')","('Halliburton Co', 'US Silica Holdings Inc')",0.095,New,New
"('JAZZ', 'SAVA')","('Jazz Pharmaceuticals PLC', 'Cassava Sciences Inc')",0.094999998,New,New
"('BA', 'PYPL')","('Boeing Co', 'PayPal Holdings Inc')",0.09490000200000001,New,New
"('CTLT', 'QGEN')","('Catalent Inc', 'Qiagen NV')",0.094799998,New,New
"('ADM', 'SYY')","('Archer-Daniels Midland Co', 'Sysco Corp')",0.094799998,New,New
"('PTEN', 'SLCA')","('Patterson-UTI Energy Inc', 'US Silica Holdings Inc')",0.094700003,New,New
"('GILD', 'QGEN')","('Gilead Sciences Inc', 'Qiagen NV')",0.09459999799999999,New,New
"('CHX', 'SLCA')","('ChampionX Corp', 'US Silica Holdings Inc')",0.094500003,New,New
"('ALXN', 'QGEN')","('Alexion Pharmaceuticals Inc', 'Qiagen NV')",0.0944,New,New
"('PYPL', 'RTX')","('PayPal Holdings Inc', 'Raytheon Technologies Corp')",0.09439999900000001,New,New
"('EVO', 'VOLV B')","('Evolution AB', 'Volvo AB B')",0.094200002,New,New
"('BIIB', 'PFE')","('Biogen Inc', 'Pfizer Inc')",0.0942,New,New
"('AA', 'RGLD')","('Alcoa Corp', 'Royal Gold Inc')",0.0942,New,New
"('AA', 'CMC')","('Alcoa Corp', 'Commercial Metals Co')",0.094099998,New,New
"('BNP.PA', 'TTE.PA')","('BNP Paribas', 'TotalEnergies SE')",0.09390000200000001,New,New
"('GRMN', 'MSI')","('Garmin Ltd', 'Motorola Solutions Inc')",0.0937,New,New
"('HON', 'LHX')","('Honeywell International Inc', 'L3Harris Technologies Inc')",0.0936,New,New
"('ABBV', 'BIIB')","('AbbVie Inc', 'Biogen Inc')",0.0935,New,New
"('PRGO', 'SAVA')","('Perrigo Co PLC', 'Cassava Sciences Inc')",0.0934,New,New
"('ABT', 'BIIB')","('Abbott Laboratories', 'Biogen Inc')",0.0933,New,New
"('ANET', 'MSI')","('Arista Networks Inc', 'Motorola Solutions Inc')",0.093200002,New,New
"('LBRT', 'SLCA')","('Liberty Oilfield Services Inc', 'US Silica Holdings Inc')",0.0932,New,New
"('EA', 'RBLX')","('Electronic Arts Inc', 'Roblox Corp Ordinary Shares - Class A')",0.0931,New,New
"('OII', 'SLCA')","('Oceaneering International Inc', 'US Silica Holdings Inc')",0.0931,New,New
"('AMGN', 'QGEN')","('Amgen Inc', 'Qiagen NV')",0.093,New,New
"('HP', 'NBR')","('Helmerich & Payne Inc', 'Nabors Industries Ltd')",0.093,New,New
"('CERN', 'RBLX')","('Cerner Corp', 'Roblox Corp Ordinary Shares - Class A')",0.09290000000000001,New,New
"('SLB', 'SLCA')","('Schlumberger Ltd', 'US Silica Holdings Inc')",0.0929,New,New
"('CENX', 'RGLD')","('Century Aluminum Co', 'Royal Gold Inc')",0.092800002,New,New
"('CERN', 'EA')","('Cerner Corp', 'Electronic Arts Inc')",0.0928,New,New
"('AA', 'NEM')","('Alcoa Corp', 'Newmont Corp')",0.092799995,New,New
"('BIIB', 'JNJ')","('Biogen Inc', 'Johnson & Johnson')",0.0927,New,New
"('CENX', 'CMC')","('Century Aluminum Co', 'Commercial Metals Co')",0.0927,New,New
"('AA', 'NUE')","('Alcoa Corp', 'Nucor Corp')",0.092699998,New,New
"('MSI', 'T')","('Motorola Solutions Inc', 'AT&T Inc')",0.092600003,New,New
"('HON', 'TDG')","('Honeywell International Inc', 'TransDigm Group Inc')",0.0926,New,New
"('CAT', 'PYPL')","('Caterpillar Inc', 'PayPal Holdings Inc')",0.09240000000000001,New,New
"('ORCL', 'RBLX')","('Oracle Corp', 'Roblox Corp Ordinary Shares - Class A')",0.092300002,New,New
"('ANET', 'GRMN')","('Arista Networks Inc', 'Garmin Ltd')",0.09230000199999999,New,New
"('ELAN', 'PFE')","('Elanco Animal Health Inc', 'Pfizer Inc')",0.092299994,New,New
"('CENX', 'STLD')","('Century Aluminum Co', 'Steel Dynamics Inc')",0.092200003,New,New
"('ANDR', 'WIE')","('Andritz AG', 'Wienerberger AG')",0.092200002,New,New
"('EA', 'ORCL')","('Electronic Arts Inc', 'Oracle Corp')",0.092200002,New,New
"('MSI', 'TMUS')","('Motorola Solutions Inc', 'T-Mobile US Inc')",0.092199996,New,New
"('ATVI', 'CERN')","('Activision Blizzard Inc', 'Cerner Corp')",0.0921,New,New
"('GE', 'PYPL')","('General Electric Co', 'PayPal Holdings Inc')",0.092099999,New,New
"('CERN', 'ORCL')","('Cerner Corp', 'Oracle Corp')",0.092000002,New,New
"('PFE', 'ZTS')","('Pfizer Inc', 'Zoetis Inc Class A')",0.091999996,New,New
"('AA', 'CLF')","('Alcoa Corp', 'Cleveland-Cliffs Inc')",0.09189999800000001,New,New
"('CENX', 'FCX')","('Century Aluminum Co', 'Freeport-McMoRan Inc')",0.091799997,New,New
"('GRMN', 'T')","('Garmin Ltd', 'AT&T Inc')",0.091700003,New,New
"('HON', 'TXT')","('Honeywell International Inc', 'Textron Inc')",0.0917,New,New
"('HAL', 'NBR')","('Halliburton Co', 'Nabors Industries Ltd')",0.0917,New,New
"('BAND', 'ROKU')","('Bandwidth Inc Class A', 'Roku Inc Class A')",0.091699999,New,New
"('ATVI', 'ORCL')","('Activision Blizzard Inc', 'Oracle Corp')",0.091500002,New,New
"('MMM', 'PYPL')","('3M Co', 'PayPal Holdings Inc')",0.0915,New,New
"('NBR', 'PTEN')","('Nabors Industries Ltd', 'Patterson-UTI Energy Inc')",0.09140000300000001,New,New
"('CENX', 'NEM')","('Century Aluminum Co', 'Newmont Corp')",0.09139999700000001,New,New
"('ASSA B', 'HEXA B')","('Assa Abloy AB B', 'Hexagon AB Class B')",0.091399996,New,New
"('KER.PA', 'TTE.PA')","('Kering SA', 'TotalEnergies SE')",0.091300002,New,New
"('CMC', 'RGLD')","('Commercial Metals Co', 'Royal Gold Inc')",0.091300002,New,New
"('CENX', 'NUE')","('Century Aluminum Co', 'Nucor Corp')",0.0913,New,New
"('GRMN', 'TMUS')","('Garmin Ltd', 'T-Mobile US Inc')",0.091299996,New,New
"('ELAN', 'JAZZ')","('Elanco Animal Health Inc', 'Jazz Pharmaceuticals PLC')",0.091299996,New,New
"('ANET', 'T')","('Arista Networks Inc', 'AT&T Inc')",0.091200005,New,New
"('CHX', 'NBR')","('ChampionX Corp', 'Nabors Industries Ltd')",0.091200003,New,New
"('BIIB', 'FLGT')","('Biogen Inc', 'Fulgent Genetics Inc')",0.0912,New,New
"('A17U.SI', 'S68.SI')","('Ascendas Real Estate Investment Trust Units Real Estate Investment Trust', 'Singapore Exchange Ltd')",0.091199998,New,New
"('BN4.SI', 'S68.SI')","('Keppel Corp Ltd', 'Singapore Exchange Ltd')",0.0911,New,New
"('JAZZ', 'LLY')","('Jazz Pharmaceuticals PLC', 'Eli Lilly and Co')",0.091099996,New,New
"('JAZZ', 'ZTS')","('Jazz Pharmaceuticals PLC', 'Zoetis Inc Class A')",0.090999998,New,New
"('ASSA B', 'SAND')","('Assa Abloy AB B', 'Sandvik AB')",0.09090000000000001,New,New
"('ANET', 'TMUS')","('Arista Networks Inc', 'T-Mobile US Inc')",0.09079999799999999,New,New
"('CMC', 'STLD')","('Commercial Metals Co', 'Steel Dynamics Inc')",0.090700003,New,New
"('HP', 'OII')","('Helmerich & Payne Inc', 'Oceaneering International Inc')",0.0906,New,New
"('CTLT', 'PFE')","('Catalent Inc', 'Pfizer Inc')",0.090599998,New,New
"('CENX', 'CLF')","('Century Aluminum Co', 'Cleveland-Cliffs Inc')",0.0905,New,New
"('FCX', 'RGLD')","('Freeport-McMoRan Inc', 'Royal Gold Inc')",0.09039999900000001,New,New
"('CMC', 'FCX')","('Commercial Metals Co', 'Freeport-McMoRan Inc')",0.09029999699999999,New,New
"('RBI', 'WIE')","('Raiffeisen Bank International AG', 'Wienerberger AG')",0.09,New,New
"('NOC', 'TXT')","('Northrop Grumman Corp', 'Textron Inc')",0.09,New,New
"('BG', 'WIE')","('Bunge Ltd', 'Wienerberger AG')",0.08990000000000001,New,New
"('LBRT', 'NBR')","('Liberty Oilfield Services Inc', 'Nabors Industries Ltd')",0.08990000000000001,New,New
"('JAZZ', 'JNJ')","('Jazz Pharmaceuticals PLC', 'Johnson & Johnson')",0.08989999800000001,New,New
"('CMC', 'NEM')","('Commercial Metals Co', 'Newmont Corp')",0.08989999700000001,New,New
"('DG.PA', 'SAN.PA')","('Vinci SA', 'Sanofi SA')",0.089800003,New,New
"('NBR', 'OII')","('Nabors Industries Ltd', 'Oceaneering International Inc')",0.0898,New,New
"('CMC', 'NUE')","('Commercial Metals Co', 'Nucor Corp')",0.0898,New,New
"('CAI', 'WIE')","('CA Immobilien Anlagen AG', 'Wienerberger AG')",0.0897,New,New
"('ELAN', 'PRGO')","('Elanco Animal Health Inc', 'Perrigo Co PLC')",0.089699998,New,New
"('CTLT', 'JAZZ')","('Catalent Inc', 'Jazz Pharmaceuticals PLC')",0.08960000000000001,New,New
"('BMY', 'JAZZ')","('Bristol-Myers Squibb Company', 'Jazz Pharmaceuticals PLC')",0.08960000000000001,New,New
"('NBR', 'SLB')","('Nabors Industries Ltd', 'Schlumberger Ltd')",0.0896,New,New
"('FSR.JO', 'SLM.JO')","('Firstrand Ltd', 'Sanlam Ltd')",0.089599999,New,New
"('LLY', 'PRGO')","('Eli Lilly and Co', 'Perrigo Co PLC')",0.089499998,New,New
"('PRGO', 'ZTS')","('Perrigo Co PLC', 'Zoetis Inc Class A')",0.08940000000000001,New,New
"('HAL', 'OII')","('Halliburton Co', 'Oceaneering International Inc')",0.0893,New,New
"('HEXA B', 'SAND')","('Hexagon AB Class B', 'Sandvik AB')",0.08929999599999999,New,New
"('ANDR', 'RBI')","('Andritz AG', 'Raiffeisen Bank International AG')",0.089200002,New,New
"('ANDR', 'BG')","('Andritz AG', 'Bunge Ltd')",0.08910000200000001,New,New
"('CLF', 'RGLD')","('Cleveland-Cliffs Inc', 'Royal Gold Inc')",0.08910000200000001,New,New
"('OII', 'PTEN')","('Oceaneering International Inc', 'Patterson-UTI Energy Inc')",0.089000003,New,New
"('S68.SI', 'Z74.SI')","('Singapore Exchange Ltd', 'Singapore Telecommunications Ltd')",0.089,New,New
"('CLF', 'CMC')","('Cleveland-Cliffs Inc', 'Commercial Metals Co')",0.089,New,New
"('JCI', 'MYRG')","('Johnson Controls International PLC', 'MYR Group Inc')",0.088999998,New,New
"('ERIC B', 'SEB A')","('Telefonaktiebolaget L M Ericsson Class B', 'Skandinaviska Enskilda Banken AB A')",0.088900003,New,New
"('ANDR', 'CAI')","('Andritz AG', 'CA Immobilien Anlagen AG')",0.088900002,New,New
"('CHX', 'OII')","('ChampionX Corp', 'Oceaneering International Inc')",0.088800003,New,New
"('JAZZ', 'PFE')","('Jazz Pharmaceuticals PLC', 'Pfizer Inc')",0.088799994,New,New
"('ABT', 'REGN')","('Abbott Laboratories', 'Regeneron Pharmaceuticals Inc')",0.08860000000000001,New,New
"('CLF', 'STLD')","('Cleveland-Cliffs Inc', 'Steel Dynamics Inc')",0.088500003,New,New
"('JNJ', 'PRGO')","('Johnson & Johnson', 'Perrigo Co PLC')",0.08829999999999999,New,New
"('A17U.SI', 'BN4.SI')","('Ascendas Real Estate Investment Trust Units Real Estate Investment Trust', 'Keppel Corp Ltd')",0.088099998,New,New
"('CLF', 'FCX')","('Cleveland-Cliffs Inc', 'Freeport-McMoRan Inc')",0.088099997,New,New
"('CTLT', 'PRGO')","('Catalent Inc', 'Perrigo Co PLC')",0.088000002,New,New
"('BMY', 'PRGO')","('Bristol-Myers Squibb Company', 'Perrigo Co PLC')",0.088000002,New,New
"('NDA SE', 'SEB A')","('Nordea Bank Abp', 'Skandinaviska Enskilda Banken AB A')",0.0879,New,New
"('LUMN', 'MSI')","('Lumen Technologies Inc Ordinary Shares', 'Motorola Solutions Inc')",0.08789999800000001,New,New
"('ASSA B', 'EVO')","('Assa Abloy AB B', 'Evolution AB')",0.087800002,New,New
"('CLF', 'NEM')","('Cleveland-Cliffs Inc', 'Newmont Corp')",0.087699997,New,New
"('LBRT', 'OII')","('Liberty Oilfield Services Inc', 'Oceaneering International Inc')",0.0875,New,New
"('F34.SI', 'S68.SI')","('Wilmar International Ltd', 'Singapore Exchange Ltd')",0.0874,New,New
"('JCI', 'SUM')","('Johnson Controls International PLC', 'Summit Materials Inc A')",0.0874,New,New
"('AXON', 'HON')","('Axon Enterprise Inc', 'Honeywell International Inc')",0.0873,New,New
"('OII', 'SLB')","('Oceaneering International Inc', 'Schlumberger Ltd')",0.0872,New,New
"('PFE', 'PRGO')","('Pfizer Inc', 'Perrigo Co PLC')",0.087199996,New,New
"('GRMN', 'LUMN')","('Garmin Ltd', 'Lumen Technologies Inc Ordinary Shares')",0.086999998,New,New
"('DG.PA', 'TTE.PA')","('Vinci SA', 'TotalEnergies SE')",0.086900002,New,New
"('BG', 'RBI')","('Bunge Ltd', 'Raiffeisen Bank International AG')",0.0869,New,New
"('CAI', 'RBI')","('CA Immobilien Anlagen AG', 'Raiffeisen Bank International AG')",0.0867,New,New
"('BG', 'CAI')","('Bunge Ltd', 'CA Immobilien Anlagen AG')",0.08660000000000001,New,New
"('DG.PA', 'OR.PA')","('Vinci SA', ""L'Oreal SA"")",0.0865,New,New
"('ANET', 'LUMN')","('Arista Networks Inc', 'Lumen Technologies Inc Ordinary Shares')",0.0865,New,New
"('LHX', 'TXT')","('L3Harris Technologies Inc', 'Textron Inc')",0.0865,New,New
"('HD', 'MYRG')","('The Home Depot Inc', 'MYR Group Inc')",0.086399998,New,New
"('MYRG', 'TT')","('MYR Group Inc', 'Trane Technologies PLC')",0.086399998,New,New
"('LOW', 'MYRG')","(""Lowe's Companies Inc"", 'MYR Group Inc')",0.086300001,New,New
"('GM', 'KO')","('General Motors Co', 'Coca-Cola Co')",0.0862,New,New
"('EVO', 'HEXA B')","('Evolution AB', 'Hexagon AB Class B')",0.086199998,New,New
"('JAZZ', 'PRGO')","('Jazz Pharmaceuticals PLC', 'Perrigo Co PLC')",0.086199998,New,New
"('CAR', 'EXPD')","('Avis Budget Group Inc', 'Expeditors International of Washington Inc')",0.08610000000000001,New,New
"('MO', 'NKE')","('Altria Group Inc', 'Nike Inc B')",0.086099999,New,New
"('MDLZ', 'NKE')","('Mondelez International Inc Class A', 'Nike Inc B')",0.086,New,New
"('A17U.SI', 'Z74.SI')","('Ascendas Real Estate Investment Trust Units Real Estate Investment Trust', 'Singapore Telecommunications Ltd')",0.085999998,New,New
"('BN4.SI', 'Z74.SI')","('Keppel Corp Ltd', 'Singapore Telecommunications Ltd')",0.0859,New,New
"('ATVI', 'KO')","('Activision Blizzard Inc', 'Coca-Cola Co')",0.0858,New,New
"('EVO', 'SAND')","('Evolution AB', 'Sandvik AB')",0.085700002,New,New
"('AXON', 'NOC')","('Axon Enterprise Inc', 'Northrop Grumman Corp')",0.08560000000000001,New,New
"('LUMN', 'TMUS')","('Lumen Technologies Inc Ordinary Shares', 'T-Mobile US Inc')",0.085499994,New,New
"('SEB A', 'VOLV B')","('Skandinaviska Enskilda Banken AB A', 'Volvo AB B')",0.0853,New,New
"('01299.HK', 'BRK.B')","('AIA Group Ltd', 'Berkshire Hathaway Inc Class B')",0.08529999599999999,New,New
"('IMP.JO', 'SSW.JO')","('Impala Platinum Holdings Ltd', 'Sibanye Stillwater Ltd Ordinary Shares')",0.085099996,New,New
"('C6L.SI', 'S68.SI')","('Singapore Airlines Ltd', 'Singapore Exchange Ltd')",0.0849,New,New
"('HD', 'SUM')","('The Home Depot Inc', 'Summit Materials Inc A')",0.0848,New,New
"('SUM', 'TT')","('Summit Materials Inc A', 'Trane Technologies PLC')",0.0848,New,New
"('FND', 'TT')","('Floor & Decor Holdings Inc', 'Trane Technologies PLC')",0.0848,New,New
"('LOW', 'SUM')","(""Lowe's Companies Inc"", 'Summit Materials Inc A')",0.084700003,New,New
"('GM', 'PEP')","('General Motors Co', 'PepsiCo Inc')",0.08460000000000001,New,New
"('MLM', 'MYRG')","('Martin Marietta Materials Inc', 'MYR Group Inc')",0.08449999799999999,New,New
"('A17U.SI', 'F34.SI')","('Ascendas Real Estate Investment Trust Units Real Estate Investment Trust', 'Wilmar International Ltd')",0.084399998,New,New
"('BN4.SI', 'F34.SI')","('Keppel Corp Ltd', 'Wilmar International Ltd')",0.0843,New,New
"('BRK.B', 'RY.TO')","('Berkshire Hathaway Inc Class B', 'Royal Bank of Canada')",0.08429999499999999,New,New
"('ATVI', 'PEP')","('Activision Blizzard Inc', 'PepsiCo Inc')",0.0842,New,New
"('MYRG', 'PHM')","('MYR Group Inc', 'PulteGroup Inc')",0.084199998,New,New
"('BAND', 'HUBS')","('Bandwidth Inc Class A', 'HubSpot Inc')",0.083999999,New,New
"('M44U.SI', 'S68.SI')","('Mapletree Logistics Trust', 'Singapore Exchange Ltd')",0.08380000000000001,New,New
"('MYRG', 'VMC')","('MYR Group Inc', 'Vulcan Materials Co')",0.08359999800000001,New,New
"('MLM', 'SUM')","('Martin Marietta Materials Inc', 'Summit Materials Inc A')",0.0829,New,New
"('FND', 'MLM')","('Floor & Decor Holdings Inc', 'Martin Marietta Materials Inc')",0.0829,New,New
"('BRK.B', 'CBA.AX')","('Berkshire Hathaway Inc Class B', 'Commonwealth Bank of Australia')",0.082899996,New,New
"('MTN.JO', 'SSW.JO')","('MTN Group Ltd', 'Sibanye Stillwater Ltd Ordinary Shares')",0.082800002,New,New
"('PHM', 'SUM')","('PulteGroup Inc', 'Summit Materials Inc A')",0.0826,New,New
"('FND', 'PHM')","('Floor & Decor Holdings Inc', 'PulteGroup Inc')",0.0826,New,New
"('FGEN', 'TECH')","('FibroGen Inc', 'Bio-Techne Corp')",0.0823,New,New
"('F34.SI', 'Z74.SI')","('Wilmar International Ltd', 'Singapore Telecommunications Ltd')",0.0822,New,New
"('FLGT', 'TECH')","('Fulgent Genetics Inc', 'Bio-Techne Corp')",0.0821,New,New
"('AXON', 'LHX')","('Axon Enterprise Inc', 'L3Harris Technologies Inc')",0.0821,New,New
"('SUM', 'VMC')","('Summit Materials Inc A', 'Vulcan Materials Co')",0.082,New,New
"('FND', 'VMC')","('Floor & Decor Holdings Inc', 'Vulcan Materials Co')",0.082,New,New
"('A17U.SI', 'C6L.SI')","('Ascendas Real Estate Investment Trust Units Real Estate Investment Trust', 'Singapore Airlines Ltd')",0.081899998,New,New
"('ATVI', 'NKE')","('Activision Blizzard Inc', 'Nike Inc B')",0.081899998,New,New
"('HP', 'WHD')","('Helmerich & Payne Inc', 'Cactus Inc Class A')",0.08180000200000001,New,New
"('BN4.SI', 'C6L.SI')","('Keppel Corp Ltd', 'Singapore Airlines Ltd')",0.0818,New,New
"('IIA', 'WIE')","('Immofinanz AG', 'Wienerberger AG')",0.0815,New,New
"('MNST', 'SAFM')","('Monster Beverage Corp', 'Sanderson Farms Inc')",0.08130000000000001,New,New
"('SAFM', 'STZ')","('Sanderson Farms Inc', 'Constellation Brands Inc A')",0.08130000000000001,New,New
"('MDLZ', 'SAFM')","('Mondelez International Inc Class A', 'Sanderson Farms Inc')",0.0812,New,New
"('ENB.TO', 'RDSB.L')","('Enbridge Inc', 'Royal Dutch Shell PLC B')",0.0811,New,New
"('CTLT', 'FGEN')","('Catalent Inc', 'FibroGen Inc')",0.081099998,New,New
"('FFIV', 'MSI')","('F5 Networks Inc', 'Motorola Solutions Inc')",0.0809,New,New
"('APPS', 'MSFT')","('Digital Turbine Inc', 'Microsoft Corp')",0.0809,New,New
"('CTLT', 'FLGT')","('Catalent Inc', 'Fulgent Genetics Inc')",0.080899998,New,New
"('FGEN', 'GILD')","('FibroGen Inc', 'Gilead Sciences Inc')",0.080899998,New,New
"('A17U.SI', 'M44U.SI')","('Ascendas Real Estate Investment Trust Units Real Estate Investment Trust', 'Mapletree Logistics Trust')",0.08079999800000001,New,New
"('ANDR', 'IIA')","('Andritz AG', 'Immofinanz AG')",0.080700002,New,New
"('BN4.SI', 'M44U.SI')","('Keppel Corp Ltd', 'Mapletree Logistics Trust')",0.0807,New,New
"('ALXN', 'FGEN')","('Alexion Pharmaceuticals Inc', 'FibroGen Inc')",0.0807,New,New
"('FLGT', 'GILD')","('Fulgent Genetics Inc', 'Gilead Sciences Inc')",0.080699998,New,New
"('SBK.JO', 'SSW.JO')","('Standard Bank Group Ltd', 'Sibanye Stillwater Ltd Ordinary Shares')",0.0806,New,New
"('GIS', 'SAFM')","('General Mills Inc', 'Sanderson Farms Inc')",0.0806,New,New
"('ALXN', 'FLGT')","('Alexion Pharmaceuticals Inc', 'Fulgent Genetics Inc')",0.08049999999999999,New,New
"('KDP', 'SAFM')","('Keurig Dr Pepper Inc', 'Sanderson Farms Inc')",0.080399997,New,New
"('CHX', 'WHD')","('ChampionX Corp', 'Cactus Inc Class A')",0.080000002,New,New
"('FFIV', 'GRMN')","('F5 Networks Inc', 'Garmin Ltd')",0.07999999999999999,New,New
"('BAND', 'MSFT')","('Bandwidth Inc Class A', 'Microsoft Corp')",0.079999999,New,New
"('SAFM', 'SYY')","('Sanderson Farms Inc', 'Sysco Corp')",0.07979999800000001,New,New
"('AVGO', 'T')","('Broadcom Inc', 'AT&T Inc')",0.0797,New,New
"('C6L.SI', 'Z74.SI')","('Singapore Airlines Ltd', 'Singapore Telecommunications Ltd')",0.0797,New,New
"('ANET', 'FFIV')","('Arista Networks Inc', 'F5 Networks Inc')",0.079500002,New,New
"('AMGN', 'FGEN')","('Amgen Inc', 'FibroGen Inc')",0.0793,New,New
"('000270.KS', '000660.KS')","('Kia Corp', 'SK Hynix Inc')",0.0791,New,New
"('AMGN', 'FLGT')","('Amgen Inc', 'Fulgent Genetics Inc')",0.0791,New,New
"('FFIV', 'T')","('F5 Networks Inc', 'AT&T Inc')",0.078900003,New,New
"('ASSA B', 'SEB A')","('Assa Abloy AB B', 'Skandinaviska Enskilda Banken AB A')",0.0789,New,New
"('FGEN', 'QGEN')","('FibroGen Inc', 'Qiagen NV')",0.0789,New,New
"('FLGT', 'QGEN')","('Fulgent Genetics Inc', 'Qiagen NV')",0.07869999999999999,New,New
"('M44U.SI', 'Z74.SI')","('Mapletree Logistics Trust', 'Singapore Telecommunications Ltd')",0.0786,New,New
"('IIA', 'RBI')","('Immofinanz AG', 'Raiffeisen Bank International AG')",0.0785,New,New
"('FFIV', 'TMUS')","('F5 Networks Inc', 'T-Mobile US Inc')",0.07849999599999999,New,New
"('BG', 'IIA')","('Bunge Ltd', 'Immofinanz AG')",0.0784,New,New
"('KHC', 'SAFM')","('The Kraft Heinz Co', 'Sanderson Farms Inc')",0.07830000000000001,New,New
"('RIG', 'WHD')","('Transocean Ltd', 'Cactus Inc Class A')",0.078200002,New,New
"('CAI', 'IIA')","('CA Immobilien Anlagen AG', 'Immofinanz AG')",0.0782,New,New
"('01299.HK', 'JPM')","('AIA Group Ltd', 'JPMorgan Chase & Co')",0.07819999999999999,New,New
"('C6L.SI', 'F34.SI')","('Singapore Airlines Ltd', 'Wilmar International Ltd')",0.0781,New,New
"('APPS', 'RBLX')","('Digital Turbine Inc', 'Roblox Corp Ordinary Shares - Class A')",0.0777,New,New
"('ADM', 'SAFM')","('Archer-Daniels Midland Co', 'Sanderson Farms Inc')",0.0776,New,New
"('APPS', 'EA')","('Digital Turbine Inc', 'Electronic Arts Inc')",0.0776,New,New
"('APPS', 'CERN')","('Digital Turbine Inc', 'Cerner Corp')",0.0774,New,New
"('HEXA B', 'SEB A')","('Hexagon AB Class B', 'Skandinaviska Enskilda Banken AB A')",0.077299996,New,New
"('JPM', 'RY.TO')","('JPMorgan Chase & Co', 'Royal Bank of Canada')",0.07719999899999999,New,New
"('F34.SI', 'M44U.SI')","('Wilmar International Ltd', 'Mapletree Logistics Trust')",0.07700000000000001,New,New
"('NOV', 'WHD')","('NOV Inc', 'Cactus Inc Class A')",0.076900002,New,New
"('APPS', 'ATVI')","('Digital Turbine Inc', 'Activision Blizzard Inc')",0.0769,New,New
"('APPS', 'ORCL')","('Digital Turbine Inc', 'Oracle Corp')",0.076800002,New,New
"('SAND', 'SEB A')","('Sandvik AB', 'Skandinaviska Enskilda Banken AB A')",0.07680000000000001,New,New
"('BAND', 'RBLX')","('Bandwidth Inc Class A', 'Roblox Corp Ordinary Shares - Class A')",0.07679999900000001,New,New
"('BAND', 'EA')","('Bandwidth Inc Class A', 'Electronic Arts Inc')",0.076699999,New,New
"('BKR', 'WHD')","('Baker Hughes Co Class A', 'Cactus Inc Class A')",0.076600002,New,New
"('BAND', 'CERN')","('Bandwidth Inc Class A', 'Cerner Corp')",0.076499999,New,New
"('FND', 'LEN')","('Floor & Decor Holdings Inc', 'Lennar Corp')",0.0761,New,New
"('ATVI', 'BAND')","('Activision Blizzard Inc', 'Bandwidth Inc Class A')",0.075999999,New,New
"('BAND', 'ORCL')","('Bandwidth Inc Class A', 'Oracle Corp')",0.07590000100000001,New,New
"('FND', 'NVR')","('Floor & Decor Holdings Inc', 'NVR Inc')",0.0759,New,New
"('CBA.AX', 'JPM')","('Commonwealth Bank of Australia', 'JPMorgan Chase & Co')",0.0758,New,New
"('FTI', 'WHD')","('TechnipFMC PLC', 'Cactus Inc Class A')",0.075600002,New,New
"('CARR', 'FND')","('Carrier Global Corp Ordinary Shares', 'Floor & Decor Holdings Inc')",0.0755,New,New
"('LBTYK.L', 'MSI')","('Liberty Global PLC C', 'Motorola Solutions Inc')",0.075499999,New,New
"('CARR', 'LEN')","('Carrier Global Corp Ordinary Shares', 'Lennar Corp')",0.0752,New,New
"('CARR', 'NVR')","('Carrier Global Corp Ordinary Shares', 'NVR Inc')",0.075,New,New
"('GRMN', 'LBTYK.L')","('Garmin Ltd', 'Liberty Global PLC C')",0.074599999,New,New
"('C6L.SI', 'M44U.SI')","('Singapore Airlines Ltd', 'Mapletree Logistics Trust')",0.07450000000000001,New,New
"('DHI', 'FND')","('D.R. Horton Inc', 'Floor & Decor Holdings Inc')",0.0743,New,New
"('JCI', 'LEN')","('Johnson Controls International PLC', 'Lennar Corp')",0.0742,New,New
"('FFIV', 'LUMN')","('F5 Networks Inc', 'Lumen Technologies Inc Ordinary Shares')",0.07419999799999999,New,New
"('ANET', 'LBTYK.L')","('Arista Networks Inc', 'Liberty Global PLC C')",0.074100001,New,New
"('JCI', 'NVR')","('Johnson Controls International PLC', 'NVR Inc')",0.074,New,New
"('CPI.JO', 'SSW.JO')","('Capitec Bank Holdings Ltd', 'Sibanye Stillwater Ltd Ordinary Shares')",0.0739,New,New
"('FBHS', 'FND')","('Fortune Brands Home & Security Inc', 'Floor & Decor Holdings Inc')",0.0739,New,New
"('ALLE', 'FND')","('Allegion PLC', 'Floor & Decor Holdings Inc')",0.0738,New,New
"('EVO', 'SEB A')","('Evolution AB', 'Skandinaviska Enskilda Banken AB A')",0.073700002,New,New
"('FBHS', 'LEN')","('Fortune Brands Home & Security Inc', 'Lennar Corp')",0.0736,New,New
"('CARR', 'HD')","('Carrier Global Corp Ordinary Shares', 'The Home Depot Inc')",0.0736,New,New
"('CARR', 'JCI')","('Carrier Global Corp Ordinary Shares', 'Johnson Controls International PLC')",0.0736,New,New
"('LBTYK.L', 'T')","('Liberty Global PLC C', 'AT&T Inc')",0.073500002,New,New
"('ALLE', 'LEN')","('Allegion PLC', 'Lennar Corp')",0.07350000000000001,New,New
"('FBHS', 'NVR')","('Fortune Brands Home & Security Inc', 'NVR Inc')",0.07339999999999999,New,New
"('CARR', 'LOW')","('Carrier Global Corp Ordinary Shares', ""Lowe's Companies Inc"")",0.0733,New,New
"('ALLE', 'NVR')","('Allegion PLC', 'NVR Inc')",0.0733,New,New
"('LBTYK.L', 'TMUS')","('Liberty Global PLC C', 'T-Mobile US Inc')",0.073099995,New,New
"('CARR', 'FBHS')","('Carrier Global Corp Ordinary Shares', 'Fortune Brands Home & Security Inc')",0.07300000000000001,New,New
"('ALLE', 'CARR')","('Allegion PLC', 'Carrier Global Corp Ordinary Shares')",0.07289999999999999,New,New
"('IMP.JO', 'SLM.JO')","('Impala Platinum Holdings Ltd', 'Sanlam Ltd')",0.072899995,New,New
"('ENB.TO', 'FCX')","('Enbridge Inc', 'Freeport-McMoRan Inc')",0.0728,New,New
"('DG.PA', 'SU.PA')","('Vinci SA', 'Schneider Electric SE')",0.07239999999999999,New,New
"('DHI', 'JCI')","('D.R. Horton Inc', 'Johnson Controls International PLC')",0.07239999999999999,New,New
"('CAR', 'CHRW')","('Avis Budget Group Inc', 'C.H. Robinson Worldwide Inc')",0.0722,New,New
"('BP..L', 'TRP.TO')","('BP PLC', 'TC Energy Corp')",0.0721,New,New
"('FBHS', 'HD')","('Fortune Brands Home & Security Inc', 'The Home Depot Inc')",0.07200000000000001,New,New
"('FBHS', 'JCI')","('Fortune Brands Home & Security Inc', 'Johnson Controls International PLC')",0.07200000000000001,New,New
"('ALLE', 'HD')","('Allegion PLC', 'The Home Depot Inc')",0.07189999999999999,New,New
"('ALLE', 'JCI')","('Allegion PLC', 'Johnson Controls International PLC')",0.07189999999999999,New,New
"('DHI', 'FBHS')","('D.R. Horton Inc', 'Fortune Brands Home & Security Inc')",0.0718,New,New
"('FBHS', 'LOW')","('Fortune Brands Home & Security Inc', ""Lowe's Companies Inc"")",0.0717,New,New
"('ALLE', 'DHI')","('Allegion PLC', 'D.R. Horton Inc')",0.0717,New,New
"('ALLE', 'LOW')","('Allegion PLC', ""Lowe's Companies Inc"")",0.0716,New,New
"('AI.PA', 'DG.PA')","('Air Liquide SA', 'Vinci SA')",0.07150000000000001,New,New
"('ALLE', 'FBHS')","('Allegion PLC', 'Fortune Brands Home & Security Inc')",0.0713,New,New
"('ENB.TO', 'NEM')","('Enbridge Inc', 'Newmont Corp')",0.0709,New,New
"('MTN.JO', 'SLM.JO')","('MTN Group Ltd', 'Sanlam Ltd')",0.070600001,New,New
"('SOL.JO', 'SSW.JO')","('Sasol Ltd', 'Sibanye Stillwater Ltd Ordinary Shares')",0.0706,New,New
"('GM', 'PM')","('General Motors Co', 'Philip Morris International Inc')",0.0695,New,New
"('2454.TW', '2603.TW')","('MediaTek Inc', 'Evergreen Marine Corp (Taiwan) Ltd')",0.0692,New,New
"('RDSA.L', 'TRP.TO')","('Royal Dutch Shell PLC Class A', 'TC Energy Corp')",0.0692,New,New
"('ATVI', 'PM')","('Activision Blizzard Inc', 'Philip Morris International Inc')",0.0691,New,New
"('LBTYK.L', 'LUMN')","('Liberty Global PLC C', 'Lumen Technologies Inc Ordinary Shares')",0.068799997,New,New
"('SBK.JO', 'SLM.JO')","('Standard Bank Group Ltd', 'Sanlam Ltd')",0.068399999,New,New
"('SLM.JO', 'SSW.JO')","('Sanlam Ltd', 'Sibanye Stillwater Ltd Ordinary Shares')",0.068199999,New,New
"('GFI.JO', 'SSW.JO')","('Gold Fields Ltd', 'Sibanye Stillwater Ltd Ordinary Shares')",0.0681,New,New
"('AIR', 'DG.PA')","('Airbus SE', 'Vinci SA')",0.0678,New,New
"('ENB.TO', 'SLB')","('Enbridge Inc', 'Schlumberger Ltd')",0.0677,New,New
"('2317.TW', '2603.TW')","('Hon Hai Precision Industry Co Ltd', 'Evergreen Marine Corp (Taiwan) Ltd')",0.067599997,New,New
"('PTEN', 'WHD')","('Patterson-UTI Energy Inc', 'Cactus Inc Class A')",0.06540000400000001,New,New
"('BNP.PA', 'DG.PA')","('BNP Paribas', 'Vinci SA')",0.06520000000000001,New,New
"('FGEN', 'FLGT')","('FibroGen Inc', 'Fulgent Genetics Inc')",0.065,New,New
"('000270.KS', '035420.KS')","('Kia Corp', 'NAVER Corp')",0.0649,New,New
"('MYRG', 'SUM')","('MYR Group Inc', 'Summit Materials Inc A')",0.06459999799999999,New,New
"('FND', 'MYRG')","('Floor & Decor Holdings Inc', 'MYR Group Inc')",0.06459999799999999,New,New
"('ACN', 'BA')","('Accenture PLC Class A', 'Boeing Co')",0.063900002,New,New
"('RDSB.L', 'TRP.TO')","('Royal Dutch Shell PLC B', 'TC Energy Corp')",0.0637,New,New
"('FND', 'SUM')","('Floor & Decor Holdings Inc', 'Summit Materials Inc A')",0.063,New,New
"('DG.PA', 'KER.PA')","('Vinci SA', 'Kering SA')",0.0626,New,New
"('FFIV', 'LBTYK.L')","('F5 Networks Inc', 'Liberty Global PLC C')",0.061799998999999994,New,New
"('CPI.JO', 'SLM.JO')","('Capitec Bank Holdings Ltd', 'Sanlam Ltd')",0.061699999000000005,New,New
"('APPS', 'BAND')","('Digital Turbine Inc', 'Bandwidth Inc Class A')",0.061299999,New,New
"('ACN', 'GE')","('Accenture PLC Class A', 'General Electric Co')",0.061099999,New,New
"('000270.KS', '035720.KS')","('Kia Corp', 'Kakao Corp')",0.0592,New,New
"('SLM.JO', 'SOL.JO')","('Sanlam Ltd', 'Sasol Ltd')",0.058399999,New,New
"('01299.HK', 'BAC')","('AIA Group Ltd', 'Bank of America Corp')",0.0581,New,New
"('BAC', 'RY.TO')","('Bank of America Corp', 'Royal Bank of Canada')",0.057099999,New,New
"('CPE', 'XEC')","('Callon Petroleum Co', 'Cimarex Energy Co')",0.055999998999999995,New,New
"('CPE', 'XOM')","('Callon Petroleum Co', 'Exxon Mobil Corp')",0.055999998999999995,New,New
"('CPE', 'MRO')","('Callon Petroleum Co', 'Marathon Oil Corp')",0.055999998999999995,New,New
"('AMD', 'FSLR')","('Advanced Micro Devices Inc', 'First Solar Inc')",0.055999998999999995,New,New
"('GFI.JO', 'SLM.JO')","('Gold Fields Ltd', 'Sanlam Ltd')",0.055899999000000006,New,New
"('AMD', 'SPWR')","('Advanced Micro Devices Inc', 'SunPower Corp')",0.055799999,New,New
"('BAC', 'CBA.AX')","('Bank of America Corp', 'Commonwealth Bank of Australia')",0.0557,New,New
"('AMD', 'SITM')","('Advanced Micro Devices Inc', 'SiTime Corp Ordinary Shares')",0.055699999,New,New
"('FSLR', 'SITM')","('First Solar Inc', 'SiTime Corp Ordinary Shares')",0.0553,New,New
"('FSLR', 'XLNX')","('First Solar Inc', 'Xilinx Inc')",0.0553,New,New
"('FCX', 'TRP.TO')","('Freeport-McMoRan Inc', 'TC Energy Corp')",0.055299999,New,New
"('FSLR', 'MRVL')","('First Solar Inc', 'Marvell Technology Inc')",0.0552,New,New
"('AMD', 'SLAB')","('Advanced Micro Devices Inc', 'Silicon Laboratories Inc')",0.055199999,New,New
"('SITM', 'SPWR')","('SiTime Corp Ordinary Shares', 'SunPower Corp')",0.055099999999999996,New,New
"('SPWR', 'XLNX')","('SunPower Corp', 'Xilinx Inc')",0.055099999999999996,New,New
"('FSLR', 'NVDA')","('First Solar Inc', 'NVIDIA Corp')",0.055099999999999996,New,New
"('MRVL', 'SPWR')","('Marvell Technology Inc', 'SunPower Corp')",0.055,New,New
"('SITM', 'XLNX')","('SiTime Corp Ordinary Shares', 'Xilinx Inc')",0.055,New,New
"('000270.KS', '051910.KS')","('Kia Corp', 'LG Chem Ltd')",0.054900000000000004,New,New
"('SM', 'XEC')","('SM Energy Co', 'Cimarex Energy Co')",0.054900000000000004,New,New
"('NVDA', 'SPWR')","('NVIDIA Corp', 'SunPower Corp')",0.054900000000000004,New,New
"('SPWR', 'SWKS')","('SunPower Corp', 'Skyworks Solutions Inc')",0.054900000000000004,New,New
"('MRVL', 'SITM')","('Marvell Technology Inc', 'SiTime Corp Ordinary Shares')",0.054900000000000004,New,New
"('000270.KS', '006400.KS')","('Kia Corp', 'Samsung SDI Co Ltd')",0.0548,New,New
"('NVDA', 'SITM')","('NVIDIA Corp', 'SiTime Corp Ordinary Shares')",0.0548,New,New
"('SITM', 'SWKS')","('SiTime Corp Ordinary Shares', 'Skyworks Solutions Inc')",0.0548,New,New
"('FSLR', 'SYNA')","('First Solar Inc', 'Synaptics Inc')",0.054600000999999995,New,New
"('SLAB', 'SPWR')","('Silicon Laboratories Inc', 'SunPower Corp')",0.054599999999999996,New,New
"('SITM', 'SLAB')","('SiTime Corp Ordinary Shares', 'Silicon Laboratories Inc')",0.0545,New,New
"('SLAB', 'XLNX')","('Silicon Laboratories Inc', 'Xilinx Inc')",0.0545,New,New
"('SPWR', 'SYNA')","('SunPower Corp', 'Synaptics Inc')",0.054400001,New,New
"('MRVL', 'SLAB')","('Marvell Technology Inc', 'Silicon Laboratories Inc')",0.054400000000000004,New,New
"('SITM', 'SYNA')","('SiTime Corp Ordinary Shares', 'Synaptics Inc')",0.054300001,New,New
"('NVDA', 'SLAB')","('NVIDIA Corp', 'Silicon Laboratories Inc')",0.0543,New,New
"('SWKS', 'SYNA')","('Skyworks Solutions Inc', 'Synaptics Inc')",0.054100001,New,New
"('OXY', 'XEC')","('Occidental Petroleum Corp', 'Cimarex Energy Co')",0.054099997999999996,New,New
"('SLAB', 'SYNA')","('Silicon Laboratories Inc', 'Synaptics Inc')",0.053800001,New,New
"('NEM', 'TRP.TO')","('Newmont Corp', 'TC Energy Corp')",0.053399999000000004,New,New
"('FANG', 'XEC')","('Diamondback Energy Inc', 'Cimarex Energy Co')",0.053399999000000004,New,New
"('CLR', 'XEC')","('Continental Resources Inc', 'Cimarex Energy Co')",0.053299999,New,New
"('CLR', 'XOM')","('Continental Resources Inc', 'Exxon Mobil Corp')",0.053299999,New,New
"('AR', 'XEC')","('Antero Resources Corp', 'Cimarex Energy Co')",0.053099998999999995,New,New
"('AR', 'XOM')","('Antero Resources Corp', 'Exxon Mobil Corp')",0.053099998999999995,New,New
"('AR', 'MRO')","('Antero Resources Corp', 'Marathon Oil Corp')",0.053099998999999995,New,New
"('CNQ.TO', 'FCX')","('Canadian Natural Resources Ltd', 'Freeport-McMoRan Inc')",0.0523,New,New
"('COP', 'XEC')","('ConocoPhillips', 'Cimarex Energy Co')",0.051899998,New,New
"('XEC', 'XOM')","('Cimarex Energy Co', 'Exxon Mobil Corp')",0.051799998,New,New
"('MRO', 'XEC')","('Marathon Oil Corp', 'Cimarex Energy Co')",0.051799998,New,New
"('NEM', 'SLB')","('Newmont Corp', 'Schlumberger Ltd')",0.0514,New,New
"('CNQ.TO', 'NEM')","('Canadian Natural Resources Ltd', 'Newmont Corp')",0.0504,New,New
"('SJI', 'XOM')","('South Jersey Industries Inc', 'Exxon Mobil Corp')",0.050299999,New,New
"('SLB', 'TRP.TO')","('Schlumberger Ltd', 'TC Energy Corp')",0.050199998999999995,New,New
"('GM', 'MO')","('General Motors Co', 'Altria Group Inc')",0.049400001,New,New
"('GM', 'MDLZ')","('General Motors Co', 'Mondelez International Inc Class A')",0.049300002,New,New
"('ATVI', 'MO')","('Activision Blizzard Inc', 'Altria Group Inc')",0.049000001,New,New
"('FLGT', 'VSTO')","('Fulgent Genetics Inc', 'Vista Outdoor Inc')",0.048900003,New,New
"('ATVI', 'MDLZ')","('Activision Blizzard Inc', 'Mondelez International Inc Class A')",0.048900002,New,New
"('CEIX', 'VRTV')","('CONSOL Energy Inc Ordinary Shares', 'Veritiv Corp')",0.0485,New,New
"('ABBV', 'XOM')","('AbbVie Inc', 'Exxon Mobil Corp')",0.047399998,New,New
"('SJI', 'T')","('South Jersey Industries Inc', 'AT&T Inc')",0.047200000000000006,New,New
"('CNQ.TO', 'SLB')","('Canadian Natural Resources Ltd', 'Schlumberger Ltd')",0.0472,New,New
"('NNN', 'XOM')","('National Retail Properties Inc', 'Exxon Mobil Corp')",0.046699999,New,New
"('ATVI', 'GM')","('Activision Blizzard Inc', 'General Motors Co')",0.045200000000000004,New,New
"('2303.TW', '2603.TW')","('United Microelectronics Corp', 'Evergreen Marine Corp (Taiwan) Ltd')",0.0451,New,New
"('O', 'XOM')","('Realty Income Corp', 'Exxon Mobil Corp')",0.045099999,New,New
"('JPM', 'MO')","('JPMorgan Chase & Co', 'Altria Group Inc')",0.044899998999999996,New,New
"('COOP', 'VSTO')","('Mr. Cooper Group Inc', 'Vista Outdoor Inc')",0.0439,New,New
"('BCEI', 'VSTO')","('Bonanza Creek Energy Inc Ordinary Shares', 'Vista Outdoor Inc')",0.043600001,New,New
"('HZO', 'VSTO')","('MarineMax Inc', 'Vista Outdoor Inc')",0.043600001,New,New
"('COOP', 'FLGT')","('Mr. Cooper Group Inc', 'Fulgent Genetics Inc')",0.043600001,New,New
"('NNN', 'T')","('National Retail Properties Inc', 'AT&T Inc')",0.0436,New,New
"('2308.TW', '2603.TW')","('Delta Electronics Inc', 'Evergreen Marine Corp (Taiwan) Ltd')",0.043499999,New,New
"('BCEI', 'FLGT')","('Bonanza Creek Energy Inc Ordinary Shares', 'Fulgent Genetics Inc')",0.043300002000000004,New,New
"('FLGT', 'HZO')","('Fulgent Genetics Inc', 'MarineMax Inc')",0.043300002000000004,New,New
"('000270.KS', '068270.KS')","('Kia Corp', 'Celltrion Inc')",0.043300000000000005,New,New
"('CELH', 'VSTO')","('Celsius Holdings Inc', 'Vista Outdoor Inc')",0.043100001,New,New
"('BIG', 'VSTO')","('Big Lots Inc', 'Vista Outdoor Inc')",0.042900001,New,New
"('CELH', 'FLGT')","('Celsius Holdings Inc', 'Fulgent Genetics Inc')",0.042800002000000004,New,New
"('FRT', 'T')","('Federal Realty Investment Trust', 'AT&T Inc')",0.0427,New,New
"('BIG', 'FLGT')","('Big Lots Inc', 'Fulgent Genetics Inc')",0.042600002,New,New
"('01299.HK', 'WFC')","('AIA Group Ltd', 'Wells Fargo & Co')",0.0426,New,New
"('CYH', 'VSTO')","('Community Health Systems Inc', 'Vista Outdoor Inc')",0.042500000999999996,New,New
"('UFS', 'VRTV')","('Domtar Corp', 'Veritiv Corp')",0.0424,New,New
"('CVX', 'SJI')","('Chevron Corp', 'South Jersey Industries Inc')",0.0424,New,New
"('FLGT', 'HIBB')","('Fulgent Genetics Inc', 'Hibbett Inc')",0.042300002,New,New
"('CYH', 'FLGT')","('Community Health Systems Inc', 'Fulgent Genetics Inc')",0.042200002,New,New
"('IBM', 'SJI')","('International Business Machines Corp', 'South Jersey Industries Inc')",0.0422,New,New
"('MED', 'VSTO')","('Medifast Inc', 'Vista Outdoor Inc')",0.042000000999999995,New,New
"('O', 'T')","('Realty Income Corp', 'AT&T Inc')",0.042,New,New
"('FLGT', 'MED')","('Fulgent Genetics Inc', 'Medifast Inc')",0.041700002,New,New
"('AAN', 'VRTV')","('The Aarons Co Inc Ordinary Shares', 'Veritiv Corp')",0.0417,New,New
"('RY.TO', 'WFC')","('Royal Bank of Canada', 'Wells Fargo & Co')",0.041599999,New,New
"('ORI', 'T')","('Old Republic International Corp', 'AT&T Inc')",0.0415,New,New
"('ABBV', 'SJI')","('AbbVie Inc', 'South Jersey Industries Inc')",0.041499999,New,New
"('NNN', 'SJI')","('National Retail Properties Inc', 'South Jersey Industries Inc')",0.0408,New,New
"('2603.TW', '2881.TW')","('Evergreen Marine Corp (Taiwan) Ltd', 'Fubon Financial Holdings Co Ltd')",0.040499999999999994,New,New
"('2002.TW', '2603.TW')","('China Steel Corp', 'Evergreen Marine Corp (Taiwan) Ltd')",0.0402,New,New
"('CBA.AX', 'WFC')","('Commonwealth Bank of Australia', 'Wells Fargo & Co')",0.0402,New,New
"('HD', 'MO')","('The Home Depot Inc', 'Altria Group Inc')",0.040099999,New,New
"('VRTV', 'ZEUS')","('Veritiv Corp', 'Olympic Steel Inc')",0.039900000000000005,New,New
"('FRT', 'SJI')","('Federal Realty Investment Trust', 'South Jersey Industries Inc')",0.039900000000000005,New,New
"('GNW', 'VRTV')","('Genworth Financial Inc', 'Veritiv Corp')",0.039799999,New,New
"('CEIX', 'UFS')","('CONSOL Energy Inc Ordinary Shares', 'Domtar Corp')",0.0397,New,New
"('GPRE', 'VRTV')","('Green Plains Inc', 'Veritiv Corp')",0.039599999500000004,New,New
"('ABBV', 'CVX')","('AbbVie Inc', 'Chevron Corp')",0.039499999,New,New
"('O', 'SJI')","('Realty Income Corp', 'South Jersey Industries Inc')",0.0392,New,New
"('AAN', 'CEIX')","('The Aarons Co Inc Ordinary Shares', 'CONSOL Energy Inc Ordinary Shares')",0.039,New,New
"('CEIX', 'CONN')","('CONSOL Energy Inc Ordinary Shares', ""Conn's Inc"")",0.0388,New,New
"('CVX', 'NNN')","('Chevron Corp', 'National Retail Properties Inc')",0.0388,New,New
"('ORI', 'SJI')","('Old Republic International Corp', 'South Jersey Industries Inc')",0.0387,New,New
"('COIN', 'RILY')","('Coinbase Global Inc Ordinary Shares - Class A', 'B. Riley Financial Inc')",0.038699999,New,New
"('LPRO', 'RILY')","('Open Lending Corp Class A', 'B. Riley Financial Inc')",0.038599999999999995,New,New
"('IBM', 'NNN')","('International Business Machines Corp', 'National Retail Properties Inc')",0.038599999999999995,New,New
"('1303.TW', '2603.TW')","('Nan Ya Plastics Corp', 'Evergreen Marine Corp (Taiwan) Ltd')",0.0385,New,New
"('2603.TW', '2882.TW')","('Evergreen Marine Corp (Taiwan) Ltd', 'Cathay Financial Holding Co Ltd')",0.0385,New,New
"('MSCI', 'RILY')","('MSCI Inc', 'B. Riley Financial Inc')",0.0383,New,New
"('COIN', 'LPRO')","('Coinbase Global Inc Ordinary Shares - Class A', 'Open Lending Corp Class A')",0.038299999,New,New
"('BCEI', 'COOP')","('Bonanza Creek Energy Inc Ordinary Shares', 'Mr. Cooper Group Inc')",0.038299999,New,New
"('COOP', 'HZO')","('Mr. Cooper Group Inc', 'MarineMax Inc')",0.038299999,New,New
"('MORN', 'RILY')","('Morningstar Inc', 'B. Riley Financial Inc')",0.038,New,New
"('BCEI', 'HZO')","('Bonanza Creek Energy Inc Ordinary Shares', 'MarineMax Inc')",0.038,New,New
"('COIN', 'MSCI')","('Coinbase Global Inc Ordinary Shares - Class A', 'MSCI Inc')",0.037999999,New,New
"('LPRO', 'MSCI')","('Open Lending Corp Class A', 'MSCI Inc')",0.0379,New,New
"('ABBV', 'NNN')","('AbbVie Inc', 'National Retail Properties Inc')",0.037899999000000004,New,New
"('CELH', 'COOP')","('Celsius Holdings Inc', 'Mr. Cooper Group Inc')",0.037799999,New,New
"('APO', 'RILY')","('Apollo Global Management Inc Class A', 'B. Riley Financial Inc')",0.0377,New,New
"('ARES', 'RILY')","('Ares Management Corp Class A', 'B. Riley Financial Inc')",0.0377,New,New
"('FRT', 'IBM')","('Federal Realty Investment Trust', 'International Business Machines Corp')",0.0377,New,New
"('COIN', 'MORN')","('Coinbase Global Inc Ordinary Shares - Class A', 'Morningstar Inc')",0.037699999,New,New
"('LPRO', 'MORN')","('Open Lending Corp Class A', 'Morningstar Inc')",0.037599999999999995,New,New
"('BIG', 'COOP')","('Big Lots Inc', 'Mr. Cooper Group Inc')",0.037599999,New,New
"('JEF', 'RILY')","('Jefferies Financial Group Inc', 'B. Riley Financial Inc')",0.037599998999999995,New,New
"('01299.HK', 'C')","('AIA Group Ltd', 'Citigroup Inc')",0.0375,New,New
"('COWN', 'RILY')","('Cowen Inc Class A', 'B. Riley Financial Inc')",0.0375,New,New
"('BCEI', 'CELH')","('Bonanza Creek Energy Inc Ordinary Shares', 'Celsius Holdings Inc')",0.0375,New,New
"('CELH', 'HZO')","('Celsius Holdings Inc', 'MarineMax Inc')",0.0375,New,New
"('APO', 'COIN')","('Apollo Global Management Inc Class A', 'Coinbase Global Inc Ordinary Shares - Class A')",0.037399999,New,New
"('ARES', 'COIN')","('Ares Management Corp Class A', 'Coinbase Global Inc Ordinary Shares - Class A')",0.037399999,New,New
"('APO', 'LPRO')","('Apollo Global Management Inc Class A', 'Open Lending Corp Class A')",0.0373,New,New
"('ARES', 'LPRO')","('Ares Management Corp Class A', 'Open Lending Corp Class A')",0.0373,New,New
"('MORN', 'MSCI')","('Morningstar Inc', 'MSCI Inc')",0.0373,New,New
"('ICE', 'RILY')","('Intercontinental Exchange Inc', 'B. Riley Financial Inc')",0.0373,New,New
"('BCEI', 'BIG')","('Bonanza Creek Energy Inc Ordinary Shares', 'Big Lots Inc')",0.0373,New,New
"('BIG', 'HZO')","('Big Lots Inc', 'MarineMax Inc')",0.0373,New,New
"('COOP', 'HIBB')","('Mr. Cooper Group Inc', 'Hibbett Inc')",0.037299999,New,New
"('COIN', 'JEF')","('Coinbase Global Inc Ordinary Shares - Class A', 'Jefferies Financial Group Inc')",0.037299998,New,New
"('CEIX', 'ZEUS')","('CONSOL Energy Inc Ordinary Shares', 'Olympic Steel Inc')",0.0372,New,New
"('CXW', 'VRTV')","('CoreCivic Inc', 'Veritiv Corp')",0.0372,New,New
"('CVX', 'O')","('Chevron Corp', 'Realty Income Corp')",0.0372,New,New
"('JEF', 'LPRO')","('Jefferies Financial Group Inc', 'Open Lending Corp Class A')",0.037199999,New,New
"('COIN', 'COWN')","('Coinbase Global Inc Ordinary Shares - Class A', 'Cowen Inc Class A')",0.037199999,New,New
"('COOP', 'CYH')","('Mr. Cooper Group Inc', 'Community Health Systems Inc')",0.037199999,New,New
"('COWN', 'LPRO')","('Cowen Inc Class A', 'Open Lending Corp Class A')",0.037099999999999994,New,New
"('CEIX', 'GNW')","('CONSOL Energy Inc Ordinary Shares', 'Genworth Financial Inc')",0.037099999,New,New
"('APO', 'MSCI')","('Apollo Global Management Inc Class A', 'MSCI Inc')",0.037000000000000005,New,New
"('ARES', 'MSCI')","('Ares Management Corp Class A', 'MSCI Inc')",0.037000000000000005,New,New
"('IBM', 'O')","('International Business Machines Corp', 'Realty Income Corp')",0.037000000000000005,New,New
"('BCEI', 'HIBB')","('Bonanza Creek Energy Inc Ordinary Shares', 'Hibbett Inc')",0.037,New,New
"('HIBB', 'HZO')","('Hibbett Inc', 'MarineMax Inc')",0.037,New,New
"('ABBV', 'FRT')","('AbbVie Inc', 'Federal Realty Investment Trust')",0.036999999000000006,New,New
"('COIN', 'ICE')","('Coinbase Global Inc Ordinary Shares - Class A', 'Intercontinental Exchange Inc')",0.036999999,New,New
"('ICE', 'LPRO')","('Intercontinental Exchange Inc', 'Open Lending Corp Class A')",0.0369,New,New
"('BCEI', 'CYH')","('Bonanza Creek Energy Inc Ordinary Shares', 'Community Health Systems Inc')",0.0369,New,New
"('CYH', 'HZO')","('Community Health Systems Inc', 'MarineMax Inc')",0.0369,New,New
"('CEIX', 'GPRE')","('CONSOL Energy Inc Ordinary Shares', 'Green Plains Inc')",0.0368999995,New,New
"('JEF', 'MSCI')","('Jefferies Financial Group Inc', 'MSCI Inc')",0.036899999,New,New
"('COWN', 'MSCI')","('Cowen Inc Class A', 'MSCI Inc')",0.0368,New,New
"('BIG', 'CELH')","('Big Lots Inc', 'Celsius Holdings Inc')",0.0368,New,New
"('APO', 'MORN')","('Apollo Global Management Inc Class A', 'Morningstar Inc')",0.036699999999999997,New,New
"('ARES', 'MORN')","('Ares Management Corp Class A', 'Morningstar Inc')",0.036699999999999997,New,New
"('CVX', 'ORI')","('Chevron Corp', 'Old Republic International Corp')",0.036699999999999997,New,New
"('COOP', 'MED')","('Mr. Cooper Group Inc', 'Medifast Inc')",0.036699999,New,New
"('JEF', 'MORN')","('Jefferies Financial Group Inc', 'Morningstar Inc')",0.036599998999999994,New,New
"('IBM', 'ORI')","('International Business Machines Corp', 'Old Republic International Corp')",0.036500000000000005,New,New
"('COWN', 'MORN')","('Cowen Inc Class A', 'Morningstar Inc')",0.0365,New,New
"('CELH', 'HIBB')","('Celsius Holdings Inc', 'Hibbett Inc')",0.0365,New,New
"('C', 'RY.TO')","('Citigroup Inc', 'Royal Bank of Canada')",0.036499999,New,New
"('APO', 'ARES')","('Apollo Global Management Inc Class A', 'Ares Management Corp Class A')",0.0364,New,New
"('CELH', 'CYH')","('Celsius Holdings Inc', 'Community Health Systems Inc')",0.0364,New,New
"('BCEI', 'MED')","('Bonanza Creek Energy Inc Ordinary Shares', 'Medifast Inc')",0.0364,New,New
"('HZO', 'MED')","('MarineMax Inc', 'Medifast Inc')",0.0364,New,New
"('01299.HK', 'MS')","('AIA Group Ltd', 'Morgan Stanley')",0.0363,New,New
"('ICE', 'MORN')","('Intercontinental Exchange Inc', 'Morningstar Inc')",0.0363,New,New
"('FRT', 'NNN')","('Federal Realty Investment Trust', 'National Retail Properties Inc')",0.0363,New,New
"('APO', 'JEF')","('Apollo Global Management Inc Class A', 'Jefferies Financial Group Inc')",0.036299999,New,New
"('ARES', 'JEF')","('Ares Management Corp Class A', 'Jefferies Financial Group Inc')",0.036299999,New,New
"('ABBV', 'O')","('AbbVie Inc', 'Realty Income Corp')",0.036299999,New,New
"('APO', 'COWN')","('Apollo Global Management Inc Class A', 'Cowen Inc Class A')",0.036199999999999996,New,New
"('ARES', 'COWN')","('Ares Management Corp Class A', 'Cowen Inc Class A')",0.036199999999999996,New,New
"('COWN', 'JEF')","('Cowen Inc Class A', 'Jefferies Financial Group Inc')",0.036099998999999994,New,New
"('APO', 'ICE')","('Apollo Global Management Inc Class A', 'Intercontinental Exchange Inc')",0.036000000000000004,New,New
"('ARES', 'ICE')","('Ares Management Corp Class A', 'Intercontinental Exchange Inc')",0.036000000000000004,New,New
"('ICE', 'JEF')","('Intercontinental Exchange Inc', 'Jefferies Financial Group Inc')",0.035899999,New,New
"('COWN', 'ICE')","('Cowen Inc Class A', 'Intercontinental Exchange Inc')",0.0358,New,New
"('ABBV', 'ORI')","('AbbVie Inc', 'Old Republic International Corp')",0.035799999,New,New
"('BIG', 'MED')","('Big Lots Inc', 'Medifast Inc')",0.035699999999999996,New,New
"('01299.HK', 'GS')","('AIA Group Ltd', 'Goldman Sachs Group Inc')",0.0354,New,New
"('HIBB', 'MED')","('Hibbett Inc', 'Medifast Inc')",0.0354,New,New
"('IDXX', 'ROKU')","('IDEXX Laboratories Inc', 'Roku Inc Class A')",0.0353999983,New,New
"('CYH', 'MED')","('Community Health Systems Inc', 'Medifast Inc')",0.0353,New,New
"('MS', 'RY.TO')","('Morgan Stanley', 'Royal Bank of Canada')",0.035299999,New,New
"('C', 'CBA.AX')","('Citigroup Inc', 'Commonwealth Bank of Australia')",0.0351,New,New
"('NNN', 'ORI')","('National Retail Properties Inc', 'Old Republic International Corp')",0.0351,New,New
"('FRT', 'O')","('Federal Realty Investment Trust', 'Realty Income Corp')",0.0347,New,New
"('CEIX', 'CNSL')","('CONSOL Energy Inc Ordinary Shares', 'Consolidated Communications Holdings Inc')",0.0346999995,New,New
"('CEIX', 'CXW')","('CONSOL Energy Inc Ordinary Shares', 'CoreCivic Inc')",0.0345,New,New
"('GS', 'RY.TO')","('Goldman Sachs Group Inc', 'Royal Bank of Canada')",0.034399999,New,New
"('CBA.AX', 'MS')","('Commonwealth Bank of Australia', 'Morgan Stanley')",0.0339,New,New
"('O', 'ORI')","('Realty Income Corp', 'Old Republic International Corp')",0.0335,New,New
"('CBA.AX', 'GS')","('Commonwealth Bank of Australia', 'Goldman Sachs Group Inc')",0.033,New,New
"('AAN', 'UFS')","('The Aarons Co Inc Ordinary Shares', 'Domtar Corp')",0.0329,New,New
"('CONN', 'UFS')","(""Conn's Inc"", 'Domtar Corp')",0.0327,New,New
"('CMG', 'ROKU')","('Chipotle Mexican Grill Inc', 'Roku Inc Class A')",0.032099999500000004,New,New
"('AAN', 'CONN')","('The Aarons Co Inc Ordinary Shares', ""Conn's Inc"")",0.032,New,New
"('UFS', 'ZEUS')","('Domtar Corp', 'Olympic Steel Inc')",0.0311,New,New
"('GNW', 'UFS')","('Genworth Financial Inc', 'Domtar Corp')",0.030999999,New,New
"('GPRE', 'UFS')","('Green Plains Inc', 'Domtar Corp')",0.0307999995,New,New
"('AAN', 'ZEUS')","('The Aarons Co Inc Ordinary Shares', 'Olympic Steel Inc')",0.0304,New,New
"('AAN', 'GNW')","('The Aarons Co Inc Ordinary Shares', 'Genworth Financial Inc')",0.030299999,New,New
"('CONN', 'ZEUS')","(""Conn's Inc"", 'Olympic Steel Inc')",0.0302,New,New
"('AAN', 'GPRE')","('The Aarons Co Inc Ordinary Shares', 'Green Plains Inc')",0.030099999500000002,New,New
"('CONN', 'GNW')","(""Conn's Inc"", 'Genworth Financial Inc')",0.030099999000000002,New,New
"('CONN', 'GPRE')","(""Conn's Inc"", 'Green Plains Inc')",0.029899999500000003,New,New
"('CNSL', 'UFS')","('Consolidated Communications Holdings Inc', 'Domtar Corp')",0.0285999995,New,New
"('GNW', 'ZEUS')","('Genworth Financial Inc', 'Olympic Steel Inc')",0.028499998999999998,New,New
"('CXW', 'UFS')","('CoreCivic Inc', 'Domtar Corp')",0.028399999999999998,New,New
"('GPRE', 'ZEUS')","('Green Plains Inc', 'Olympic Steel Inc')",0.0282999995,New,New
"('GNW', 'GPRE')","('Genworth Financial Inc', 'Green Plains Inc')",0.0281999985,New,New
"('AAN', 'CNSL')","('The Aarons Co Inc Ordinary Shares', 'Consolidated Communications Holdings Inc')",0.0278999995,New,New
"('AAN', 'CXW')","('The Aarons Co Inc Ordinary Shares', 'CoreCivic Inc')",0.0277,New,New
"('CONN', 'CXW')","(""Conn's Inc"", 'CoreCivic Inc')",0.0275,New,New
"('00992', 'OMV')","('Lenovo Group Ltd', 'Omv AG')",0.0273,New,New
"('CNSL', 'ZEUS')","('Consolidated Communications Holdings Inc', 'Olympic Steel Inc')",0.0260999995,New,New
"('CNSL', 'GNW')","('Consolidated Communications Holdings Inc', 'Genworth Financial Inc')",0.0259999985,New,New
"('CXW', 'ZEUS')","('CoreCivic Inc', 'Olympic Steel Inc')",0.0259,New,New
"('ADM.L', 'OMV')","('Admiral Group PLC', 'Omv AG')",0.025800000000000003,New,New
"('CNSL', 'GPRE')","('Consolidated Communications Holdings Inc', 'Green Plains Inc')",0.025799999,New,New
"('CXW', 'GNW')","('CoreCivic Inc', 'Genworth Financial Inc')",0.025799998999999997,New,New
"('OMV', 'US.MI')","('Omv AG', 'UnipolSai SPA Az nom post raggruppamento')",0.0257,New,New
"('CXW', 'GPRE')","('CoreCivic Inc', 'Green Plains Inc')",0.025599999499999998,New,New
"('00006.HK', '00992')","('Power Assets Holdings Ltd', 'Lenovo Group Ltd')",0.024399999,New,New
"('OMV', 'SLA.L')","('Omv AG', 'Standard Life Aberdeen PLC')",0.0242,New,New
"('ACS.BC', 'OMV')","('ACS Actividades de Construccion y Servicios SA', 'Omv AG')",0.024,New,New
"('HLAG.DE', 'OMV')","('Hapag-Lloyd AG', 'Omv AG')",0.0239,New,New
"('MB.MI', 'OMV')","('Mediobanca SpA', 'Omv AG')",0.023800001,New,New
"('GE', 'MT.SA')","('General Electric Co', 'ArcelorMittal SA ADR')",0.023700001,New,New
"('IDXX', 'PINS')","('IDEXX Laboratories Inc', 'Pinterest Inc')",0.023499999,New,New
"('CNSL', 'CXW')","('Consolidated Communications Holdings Inc', 'CoreCivic Inc')",0.023399999499999997,New,New
"('IDXX', 'PLTR')","('IDEXX Laboratories Inc', 'Palantir Technologies Inc Ordinary Shares - Class A')",0.023399998999999998,New,New
"('DOCU', 'PLTR')","('DocuSign Inc', 'Palantir Technologies Inc Ordinary Shares - Class A')",0.023399998999999998,New,New
"('ROKU', 'VEEV')","('Roku Inc Class A', 'Veeva Systems Inc Class A')",0.0232999995,New,New
"('PLTR', 'ROKU')","('Palantir Technologies Inc Ordinary Shares - Class A', 'Roku Inc Class A')",0.0232999995,New,New
"('OMV', 'TEL2 B')","('Omv AG', 'Tele2 AB B')",0.023200000000000002,New,New
"('BBVA.BC', 'MT.SA')","('Banco Bilbao Vizcaya Argentaria SA', 'ArcelorMittal SA ADR')",0.023100001000000002,New,New
"('IDXX', 'LULU')","('IDEXX Laboratories Inc', 'Lululemon Athletica Inc')",0.023099999,New,New
"('DOCU', 'LULU')","('DocuSign Inc', 'Lululemon Athletica Inc')",0.023099999,New,New
"('LULU', 'ROKU')","('Lululemon Athletica Inc', 'Roku Inc Class A')",0.0229999995,New,New
"('DOCU', 'DXCM')","('DocuSign Inc', 'DexCom Inc')",0.022999999,New,New
"('00006.HK', 'ADM.L')","('Power Assets Holdings Ltd', 'Admiral Group PLC')",0.022899999,New,New
"('MT.SA', 'MTN.JO')","('ArcelorMittal SA ADR', 'MTN Group Ltd')",0.022800001,New,New
"('MT.SA', 'SPG')","('ArcelorMittal SA ADR', 'Simon Property Group Inc')",0.0225,New,New
"('MRVL', 'TWTR')","('Marvell Technology Inc', 'Twitter Inc')",0.0224000002,New,New
"('BBVA.BC', 'GE')","('Banco Bilbao Vizcaya Argentaria SA', 'General Electric Co')",0.0224,New,New
"('GE', 'MTN.JO')","('General Electric Co', 'MTN Group Ltd')",0.0221,New,New
"('HWM', 'MT.SA')","('Howmet Aerospace Inc', 'ArcelorMittal SA ADR')",0.022000000999999998,New,New
"('GS', 'MT.SA')","('Goldman Sachs Group Inc', 'ArcelorMittal SA ADR')",0.0218000005,New,New
"('GE', 'SPG')","('General Electric Co', 'Simon Property Group Inc')",0.021799999,New,New
"('MT.SA', 'WFC')","('ArcelorMittal SA ADR', 'Wells Fargo & Co')",0.021700001,New,New
"('COP', 'MT.SA')","('ConocoPhillips', 'ArcelorMittal SA ADR')",0.021600001,New,New
"('BBVA.BC', 'MTN.JO')","('Banco Bilbao Vizcaya Argentaria SA', 'MTN Group Ltd')",0.0215,New,New
"('GE', 'GLE.PA')","('General Electric Co', 'Societe Generale SA')",0.0213,New,New
"('GE', 'HWM')","('General Electric Co', 'Howmet Aerospace Inc')",0.0213,New,New
"('00992', 'ADM.L')","('Lenovo Group Ltd', 'Admiral Group PLC')",0.0213,New,New
"('00006.HK', 'SLA.L')","('Power Assets Holdings Ltd', 'Standard Life Aberdeen PLC')",0.021299999,New,New
"('00992', 'US.MI')","('Lenovo Group Ltd', 'UnipolSai SPA Az nom post raggruppamento')",0.0212,New,New
"('CMG', 'MTCH')","('Chipotle Mexican Grill Inc', 'Match Group Inc')",0.0212,New,New
"('BBVA.BC', 'SPG')","('Banco Bilbao Vizcaya Argentaria SA', 'Simon Property Group Inc')",0.021199999,New,New
"('CMG', 'PINS')","('Chipotle Mexican Grill Inc', 'Pinterest Inc')",0.0211,New,New
"('GE', 'GS')","('General Electric Co', 'Goldman Sachs Group Inc')",0.0210999995,New,New
"('00006.HK', 'ACS.BC')","('Power Assets Holdings Ltd', 'ACS Actividades de Construccion y Servicios SA')",0.021099999,New,New
"('MTCH', 'VEEV')","('Match Group Inc', 'Veeva Systems Inc Class A')",0.020999999999999998,New,New
"('MTCH', 'PLTR')","('Match Group Inc', 'Palantir Technologies Inc Ordinary Shares - Class A')",0.020999999999999998,New,New
"('CMG', 'PLTR')","('Chipotle Mexican Grill Inc', 'Palantir Technologies Inc Ordinary Shares - Class A')",0.020999999999999998,New,New
"('00006.HK', 'HLAG.DE')","('Power Assets Holdings Ltd', 'Hapag-Lloyd AG')",0.020999999,New,New
"('COP', 'GE')","('ConocoPhillips', 'General Electric Co')",0.020900000000000002,New,New
"('00006.HK', 'MB.MI')","('Power Assets Holdings Ltd', 'Mediobanca SpA')",0.020900000000000002,New,New
"('PINS', 'VEEV')","('Pinterest Inc', 'Veeva Systems Inc Class A')",0.020900000000000002,New,New
"('PINS', 'PLTR')","('Pinterest Inc', 'Palantir Technologies Inc Ordinary Shares - Class A')",0.020900000000000002,New,New
"('MTN.JO', 'SPG')","('MTN Group Ltd', 'Simon Property Group Inc')",0.020899999000000002,New,New
"('PLTR', 'VEEV')","('Palantir Technologies Inc Ordinary Shares - Class A', 'Veeva Systems Inc Class A')",0.0208,New,New
"('BBVA.BC', 'GLE.PA')","('Banco Bilbao Vizcaya Argentaria SA', 'Societe Generale SA')",0.0207,New,New
"('BBVA.BC', 'HWM')","('Banco Bilbao Vizcaya Argentaria SA', 'Howmet Aerospace Inc')",0.0207,New,New
"('LULU', 'MTCH')","('Lululemon Athletica Inc', 'Match Group Inc')",0.0207,New,New
"('CMG', 'LULU')","('Chipotle Mexican Grill Inc', 'Lululemon Athletica Inc')",0.0207,New,New
"('DXCM', 'MTCH')","('DexCom Inc', 'Match Group Inc')",0.0206,New,New
"('LULU', 'PINS')","('Lululemon Athletica Inc', 'Pinterest Inc')",0.0206,New,New
"('CMG', 'DXCM')","('Chipotle Mexican Grill Inc', 'DexCom Inc')",0.0206,New,New
"('LULU', 'VEEV')","('Lululemon Athletica Inc', 'Veeva Systems Inc Class A')",0.020499999999999997,New,New
"('LULU', 'PLTR')","('Lululemon Athletica Inc', 'Palantir Technologies Inc Ordinary Shares - Class A')",0.020499999999999997,New,New
"('BBVA.BC', 'GS')","('Banco Bilbao Vizcaya Argentaria SA', 'Goldman Sachs Group Inc')",0.020499999499999998,New,New
"('GLE.PA', 'MTN.JO')","('Societe Generale SA', 'MTN Group Ltd')",0.0204,New,New
"('HWM', 'MTN.JO')","('Howmet Aerospace Inc', 'MTN Group Ltd')",0.0204,New,New
"('BBVA.BC', 'WFC')","('Banco Bilbao Vizcaya Argentaria SA', 'Wells Fargo & Co')",0.0204,New,New
"('DXCM', 'VEEV')","('DexCom Inc', 'Veeva Systems Inc Class A')",0.0204,New,New
"('DXCM', 'PLTR')","('DexCom Inc', 'Palantir Technologies Inc Ordinary Shares - Class A')",0.0204,New,New
"('BBVA.BC', 'COP')","('Banco Bilbao Vizcaya Argentaria SA', 'ConocoPhillips')",0.0203,New,New
"('00006.HK', 'TEL2 B')","('Power Assets Holdings Ltd', 'Tele2 AB B')",0.020299999,New,New
"('GS', 'MTN.JO')","('Goldman Sachs Group Inc', 'MTN Group Ltd')",0.0201999995,New,New
"('MTN.JO', 'WFC')","('MTN Group Ltd', 'Wells Fargo & Co')",0.0201,New,New
"('GLE.PA', 'SPG')","('Societe Generale SA', 'Simon Property Group Inc')",0.020099999,New,New
"('HWM', 'SPG')","('Howmet Aerospace Inc', 'Simon Property Group Inc')",0.020099999,New,New
"('COP', 'MTN.JO')","('ConocoPhillips', 'MTN Group Ltd')",0.02,New,New
"('SPG', 'WFC')","('Simon Property Group Inc', 'Wells Fargo & Co')",0.019799999,New,New
"('00992', 'SLA.L')","('Lenovo Group Ltd', 'Standard Life Aberdeen PLC')",0.019700000000000002,New,New
"('ADM.L', 'US.MI')","('Admiral Group PLC', 'UnipolSai SPA Az nom post raggruppamento')",0.019700000000000002,New,New
"('COP', 'SPG')","('ConocoPhillips', 'Simon Property Group Inc')",0.019699999000000003,New,New
"('GLE.PA', 'HWM')","('Societe Generale SA', 'Howmet Aerospace Inc')",0.0196,New,New
"('00992', 'HLAG.DE')","('Lenovo Group Ltd', 'Hapag-Lloyd AG')",0.0194,New,New
"('GLE.PA', 'GS')","('Societe Generale SA', 'Goldman Sachs Group Inc')",0.0193999995,New,New
"('GS', 'HWM')","('Goldman Sachs Group Inc', 'Howmet Aerospace Inc')",0.0193999995,New,New
"('00992', 'MB.MI')","('Lenovo Group Ltd', 'Mediobanca SpA')",0.019300001,New,New
"('GLE.PA', 'WFC')","('Societe Generale SA', 'Wells Fargo & Co')",0.019299999999999998,New,New
"('HWM', 'WFC')","('Howmet Aerospace Inc', 'Wells Fargo & Co')",0.019299999999999998,New,New
"('COP', 'GLE.PA')","('ConocoPhillips', 'Societe Generale SA')",0.019200000000000002,New,New
"('COP', 'HWM')","('ConocoPhillips', 'Howmet Aerospace Inc')",0.019200000000000002,New,New
"('COP', 'WFC')","('ConocoPhillips', 'Wells Fargo & Co')",0.0189,New,New
"('00992', 'TEL2 B')","('Lenovo Group Ltd', 'Tele2 AB B')",0.0187,New,New
"('ADM.L', 'SLA.L')","('Admiral Group PLC', 'Standard Life Aberdeen PLC')",0.0182,New,New
"('SLA.L', 'US.MI')","('Standard Life Aberdeen PLC', 'UnipolSai SPA Az nom post raggruppamento')",0.018099999999999998,New,New
"('ACS.BC', 'ADM.L')","('ACS Actividades de Construccion y Servicios SA', 'Admiral Group PLC')",0.018000000000000002,New,New
"('ADM.L', 'HLAG.DE')","('Admiral Group PLC', 'Hapag-Lloyd AG')",0.0179,New,New
"('ACS.BC', 'US.MI')","('ACS Actividades de Construccion y Servicios SA', 'UnipolSai SPA Az nom post raggruppamento')",0.0179,New,New
"('ADM.L', 'MB.MI')","('Admiral Group PLC', 'Mediobanca SpA')",0.017800001000000003,New,New
"('HLAG.DE', 'US.MI')","('Hapag-Lloyd AG', 'UnipolSai SPA Az nom post raggruppamento')",0.0178,New,New
"('MB.MI', 'US.MI')","('Mediobanca SpA', 'UnipolSai SPA Az nom post raggruppamento')",0.017700001,New,New
"('ADM.L', 'TEL2 B')","('Admiral Group PLC', 'Tele2 AB B')",0.0172,New,New
"('TEL2 B', 'US.MI')","('Tele2 AB B', 'UnipolSai SPA Az nom post raggruppamento')",0.0171,New,New
"('ACS.BC', 'SLA.L')","('ACS Actividades de Construccion y Servicios SA', 'Standard Life Aberdeen PLC')",0.016399999999999998,New,New
"('HLAG.DE', 'SLA.L')","('Hapag-Lloyd AG', 'Standard Life Aberdeen PLC')",0.016300000000000002,New,New
"('MB.MI', 'SLA.L')","('Mediobanca SpA', 'Standard Life Aberdeen PLC')",0.016200001,New,New
"('ACS.BC', 'HLAG.DE')","('ACS Actividades de Construccion y Servicios SA', 'Hapag-Lloyd AG')",0.0161,New,New
"('ACS.BC', 'MB.MI')","('ACS Actividades de Construccion y Servicios SA', 'Mediobanca SpA')",0.016000001,New,New
"('HLAG.DE', 'MB.MI')","('Hapag-Lloyd AG', 'Mediobanca SpA')",0.015900001,New,New
"('SLA.L', 'TEL2 B')","('Standard Life Aberdeen PLC', 'Tele2 AB B')",0.0156,New,New
"('ACS.BC', 'TEL2 B')","('ACS Actividades de Construccion y Servicios SA', 'Tele2 AB B')",0.0154,New,New
"('HLAG.DE', 'TEL2 B')","('Hapag-Lloyd AG', 'Tele2 AB B')",0.015300000000000001,New,New
"('MB.MI', 'TEL2 B')","('Mediobanca SpA', 'Tele2 AB B')",0.015200001000000001,New,New
"('LQDT', 'SSTK')","('Liquidity Services Inc', 'Shutterstock Inc')",0.013100000300000001,New,New
"('LQDT', 'PLXS')","('Liquidity Services Inc', 'Plexus Corp')",0.0127000003,New,New
"('INFO', 'TWTR')","('IHS Markit Ltd', 'Twitter Inc')",0.0126999998,New,New
"('LQDT', 'VG')","('Liquidity Services Inc', 'Vonage Holdings Corp')",0.0126000001,New,New
"('INFO', 'MRVL')","('IHS Markit Ltd', 'Marvell Technology Inc')",0.0125000002,New,New
"('PRU', 'TWTR')","('Prudential Financial Inc', 'Twitter Inc')",0.0125,New,New
"('ALXN', 'TWTR')","('Alexion Pharmaceuticals Inc', 'Twitter Inc')",0.0125,New,New
"('EHTH', 'LQDT')","('eHealth Inc', 'Liquidity Services Inc')",0.0124000003,New,New
"('PLXS', 'SSTK')","('Plexus Corp', 'Shutterstock Inc')",0.012400000000000001,New,New
"('MPC', 'TWTR')","('Marathon Petroleum Corp', 'Twitter Inc')",0.0124,New,New
"('MRVL', 'PRU')","('Marvell Technology Inc', 'Prudential Financial Inc')",0.0123000004,New,New
"('LQDT', 'SANM')","('Liquidity Services Inc', 'Sanmina Corp')",0.012300000299999999,New,New
"('SSTK', 'VG')","('Shutterstock Inc', 'Vonage Holdings Corp')",0.0122999998,New,New
"('PSX', 'TWTR')","('Phillips 66', 'Twitter Inc')",0.0121,New,New
"('EHTH', 'SSTK')","('eHealth Inc', 'Shutterstock Inc')",0.0121,New,New
"('IFF', 'TWTR')","('International Flavors & Fragrances Inc', 'Twitter Inc')",0.012,New,New
"('SANM', 'SSTK')","('Sanmina Corp', 'Shutterstock Inc')",0.012,New,New
"('PLXS', 'VG')","('Plexus Corp', 'Vonage Holdings Corp')",0.0118999998,New,New
"('MSI', 'TWTR')","('Motorola Solutions Inc', 'Twitter Inc')",0.0118999997,New,New
"('AFL', 'TWTR')","('Aflac Inc', 'Twitter Inc')",0.0118999997,New,New
"('CPK', 'LQDT')","('Chesapeake Utilities Corp', 'Liquidity Services Inc')",0.0118,New,New
"('AWR', 'LQDT')","('American States Water Co', 'Liquidity Services Inc')",0.011700000299999999,New,New
"('AFL', 'MRVL')","('Aflac Inc', 'Marvell Technology Inc')",0.0117000001,New,New
"('EHTH', 'PLXS')","('eHealth Inc', 'Plexus Corp')",0.0117,New,New
"('LQDT', 'NWN')","('Liquidity Services Inc', 'Northwest Natural Holding Co')",0.0116000003,New,New
"('AVA', 'LQDT')","('Avista Corp', 'Liquidity Services Inc')",0.0116000003,New,New
"('PLXS', 'SANM')","('Plexus Corp', 'Sanmina Corp')",0.0116,New,New
"('INFO', 'PRU')","('IHS Markit Ltd', 'Prudential Financial Inc')",0.0115999998,New,New
"('ALXN', 'INFO')","('Alexion Pharmaceuticals Inc', 'IHS Markit Ltd')",0.0115999998,New,New
"('EHTH', 'VG')","('eHealth Inc', 'Vonage Holdings Corp')",0.0115999998,New,New
"('INFO', 'MPC')","('IHS Markit Ltd', 'Marathon Petroleum Corp')",0.0114999998,New,New
"('SANM', 'VG')","('Sanmina Corp', 'Vonage Holdings Corp')",0.0114999998,New,New
"('CPK', 'SSTK')","('Chesapeake Utilities Corp', 'Shutterstock Inc')",0.0114999997,New,New
"('ALXN', 'PRU')","('Alexion Pharmaceuticals Inc', 'Prudential Financial Inc')",0.0114,New,New
"('AWR', 'SSTK')","('American States Water Co', 'Shutterstock Inc')",0.0114,New,New
"('NWN', 'SSTK')","('Northwest Natural Holding Co', 'Shutterstock Inc')",0.011300000000000001,New,New
"('AVA', 'SSTK')","('Avista Corp', 'Shutterstock Inc')",0.011300000000000001,New,New
"('EHTH', 'SANM')","('eHealth Inc', 'Sanmina Corp')",0.011300000000000001,New,New
"('INFO', 'PSX')","('IHS Markit Ltd', 'Phillips 66')",0.011199999799999999,New,New
"('IFF', 'INFO')","('International Flavors & Fragrances Inc', 'IHS Markit Ltd')",0.0110999998,New,New
"('CPK', 'PLXS')","('Chesapeake Utilities Corp', 'Plexus Corp')",0.0110999997,New,New
"('PRU', 'PSX')","('Prudential Financial Inc', 'Phillips 66')",0.011,New,New
"('AWR', 'PLXS')","('American States Water Co', 'Plexus Corp')",0.011,New,New
"('INFO', 'MSI')","('IHS Markit Ltd', 'Motorola Solutions Inc')",0.0109999995,New,New
"('AFL', 'INFO')","('Aflac Inc', 'IHS Markit Ltd')",0.0109999995,New,New
"('CPK', 'VG')","('Chesapeake Utilities Corp', 'Vonage Holdings Corp')",0.0109999995,New,New
"('IFF', 'PRU')","('International Flavors & Fragrances Inc', 'Prudential Financial Inc')",0.0109,New,New
"('NWN', 'PLXS')","('Northwest Natural Holding Co', 'Plexus Corp')",0.0109,New,New
"('AVA', 'PLXS')","('Avista Corp', 'Plexus Corp')",0.0109,New,New
"('AWR', 'VG')","('American States Water Co', 'Vonage Holdings Corp')",0.0108999998,New,New
"('NWN', 'VG')","('Northwest Natural Holding Co', 'Vonage Holdings Corp')",0.0107999998,New,New
"('AVA', 'VG')","('Avista Corp', 'Vonage Holdings Corp')",0.0107999998,New,New
"('MSI', 'PRU')","('Motorola Solutions Inc', 'Prudential Financial Inc')",0.0107999997,New,New
"('AFL', 'PRU')","('Aflac Inc', 'Prudential Financial Inc')",0.0107999997,New,New
"('AFL', 'ALXN')","('Aflac Inc', 'Alexion Pharmaceuticals Inc')",0.0107999997,New,New
"('CPK', 'EHTH')","('Chesapeake Utilities Corp', 'eHealth Inc')",0.0107999997,New,New
"('AWR', 'EHTH')","('American States Water Co', 'eHealth Inc')",0.010700000000000001,New,New
"('CPK', 'SANM')","('Chesapeake Utilities Corp', 'Sanmina Corp')",0.0106999997,New,New
"('EHTH', 'NWN')","('eHealth Inc', 'Northwest Natural Holding Co')",0.0106,New,New
"('AVA', 'EHTH')","('Avista Corp', 'eHealth Inc')",0.0106,New,New
"('AWR', 'SANM')","('American States Water Co', 'Sanmina Corp')",0.0106,New,New
"('NWN', 'SANM')","('Northwest Natural Holding Co', 'Sanmina Corp')",0.010499999999999999,New,New
"('AVA', 'SANM')","('Avista Corp', 'Sanmina Corp')",0.010499999999999999,New,New
"('AFL', 'MSI')","('Aflac Inc', 'Motorola Solutions Inc')",0.0101999994,New,New
"('CPK', 'NWN')","('Chesapeake Utilities Corp', 'Northwest Natural Holding Co')",0.0099999997,New,New
"('AWR', 'NWN')","('American States Water Co', 'Northwest Natural Holding Co')",0.009899999999999999,New,New
"('AVA', 'NWN')","('Avista Corp', 'Northwest Natural Holding Co')",0.0098,New,New
"('IDXX', 'TWTR')","('IDEXX Laboratories Inc', 'Twitter Inc')",0.0095999996,New,New
"('MRVL', 'ROKU')","('Marvell Technology Inc', 'Roku Inc Class A')",0.0089,New,New
"('IQV', 'TWTR')","('IQVIA Holdings Inc', 'Twitter Inc')",0.0088999998,New,New
"('IQV', 'ROKU')","('IQVIA Holdings Inc', 'Roku Inc Class A')",0.0088,New,New
"('IDXX', 'TROW')","('IDEXX Laboratories Inc', 'T. Rowe Price Group Inc')",0.0087999998,New,New
"('A', 'TWTR')","('Agilent Technologies Inc', 'Twitter Inc')",0.0087999998,New,New
"('A', 'DOCU')","('Agilent Technologies Inc', 'DocuSign Inc')",0.0087999998,New,New
"('TROW', 'TWTR')","('T. Rowe Price Group Inc', 'Twitter Inc')",0.0087999998,New,New
"('DOCU', 'TROW')","('DocuSign Inc', 'T. Rowe Price Group Inc')",0.0087999998,New,New
"('A', 'ROKU')","('Agilent Technologies Inc', 'Roku Inc Class A')",0.0087,New,New
"('ROKU', 'TROW')","('Roku Inc Class A', 'T. Rowe Price Group Inc')",0.0087,New,New
"('IDXX', 'TT')","('IDEXX Laboratories Inc', 'Trane Technologies PLC')",0.0086999998,New,New
"('CMG', 'TWTR')","('Chipotle Mexican Grill Inc', 'Twitter Inc')",0.0086999998,New,New
"('TT', 'TWTR')","('Trane Technologies PLC', 'Twitter Inc')",0.0086999998,New,New
"('DOCU', 'TT')","('DocuSign Inc', 'Trane Technologies PLC')",0.0086999998,New,New
"('ROKU', 'TT')","('Roku Inc Class A', 'Trane Technologies PLC')",0.0086,New,New
"('A', 'MRVL')","('Agilent Technologies Inc', 'Marvell Technology Inc')",0.008199999999999999,New,New
"('MRVL', 'TROW')","('Marvell Technology Inc', 'T. Rowe Price Group Inc')",0.008199999999999999,New,New
"('MRVL', 'TT')","('Marvell Technology Inc', 'Trane Technologies PLC')",0.0081,New,New
"('A', 'IQV')","('Agilent Technologies Inc', 'IQVIA Holdings Inc')",0.0081,New,New
"('IQV', 'TROW')","('IQVIA Holdings Inc', 'T. Rowe Price Group Inc')",0.0081,New,New
"('IQV', 'TT')","('IQVIA Holdings Inc', 'Trane Technologies PLC')",0.008,New,New
"('A', 'CMG')","('Agilent Technologies Inc', 'Chipotle Mexican Grill Inc')",0.0079,New,New
"('A', 'TT')","('Agilent Technologies Inc', 'Trane Technologies PLC')",0.0079,New,New
"('CMG', 'TROW')","('Chipotle Mexican Grill Inc', 'T. Rowe Price Group Inc')",0.0079,New,New
"('TROW', 'TT')","('T. Rowe Price Group Inc', 'Trane Technologies PLC')",0.0079,New,New
"('CMG', 'TT')","('Chipotle Mexican Grill Inc', 'Trane Technologies PLC')",0.0078,New,New
