Symbol,NumAppearances
ASML,77
BNTX.DE,5
DAC.AX,2
LVMUY.PA,3
HIMX,1
SBSW.JO,1
LOGN,2
CX.MX,1
ERJ.SA,3
PKX.KS,2
2330.TW,62
09988,40
00700,70
005930.KS,44
01299.HK,33
03690,48
00388.HK,11
RELIANCE.B,24
INFY.BO,46
00939,39
BRK.B,89
L,1
ENB.TO,24
DD,5
CTVA,12
D,9
PFE,38
INGR,2
ABX.TO,5
CSCO,52
ENPH,26
RUN,15
FSLR,9
TSLA,138
PLUG,11
NEP,3
OLED,3
NPI.TO,3
AYI,3
BEP.UN,2
AAPL,216
MSFT,226
GOOG,121
AMZN,179
FB,178
UNH,55
V,74
SPGI,8
TGT,44
LRCX,13
CMCSA,29
CVS,17
JWN,1
PEP,25
SCHW,7
HSY,9
FDX,9
PZZA,2
EVH,1
MMSI,2
JHG,1
KKR,5
QSR.TO,1
INVA,1
IRWD,2
STX.SI,7
XRX,1
INTC,45
AMAT,17
RIO.L,31
ANTM,9
MU,12
GM,13
GOOGL,169
NVDA,166
JPM,119
ROG,86
NESN,80
VZ,66
WM,13
NEM,15
REGN,14
DTE.DE,12
LLY,30
MRK,28
MC.PA,54
NOVN,63
7203,53
LQD,6
MBB,2
SPIB,2
VCSH,4
LMBS,2
GOVT,2
JNK,5
PHB,4
HYG,7
CEMB,1
NTES,21
003690.KS,1
MTS.AX,1
02313,5
QCOM,28
TSM.TW,16
00823.HK,9
033780.KS,2
03968,5
2383.TW,1
BABA,39
HDB.BO,3
VALE.SA,9
NIO,29
JD,34
BIDU,23
PDD,11
AGG,2
NPN.JO,24
ATW,2
IAM,2
JMIA.DE,1
AAL.L,2
GTCO,2
CBKD,2
MTNN,2
IVN.TO,2
PWR,9
JNJ,104
ORCL,23
LOW,20
AGCO,2
UGI,9
LPX,8
GNRC,20
JLL,3
OSK,5
ORI,7
AFG,3
MOH,15
ARW,7
SWBI,7
HIBB,4
VSTO,7
BCC,1
ARCB,2
MODV,2
XPEL,4
JYNT,3
ESGR,1
600519,12
600036,6
601318,7
000858,9
601166,3
601012,9
601888,6
600030,1
600276,4
002594,5
EW,4
AZN.L,43
NOVO B,36
RO,1
BSX,1
BMY,15
ABBV,27
SYK,2
XHB,1
DBC,1
SMH,1
XLF,8
EFA,2
XLK,11
SKYY,1
DBA,1
KCE,1
RYT,1
MELI.SA,9
GLOB,2
CCU,3
GGAL,2
YPF,2
AGRO.SA,2
CENCOSUD,3
ANDINA-B,2
ARCO.SA,2
DESP.SA,2
09618,3
035420.KS,8
ROKU,22
MDB,7
CSGP,2
CVNA,4
DXCM,8
APPN,4
SQ,21
AZO,6
RNG,3
ADBE,60
SHOP.TO,22
ACN,20
CRM,26
CVA,1
MYRG,3
WIRE,1
CLH,2
EME,4
SPXC,1
FSS,1
MWA,1
ROLL,1
COST,25
PG,56
CL,10
MCD,16
MDLZ,11
MMC,8
SRET,1
RA,1
EDF,1
ETB,1
DIAX,1
BXMX,3
DMO,1
ETJ,1
IGD,2
TEI,1
MPLX,5
EPD,10
ET,9
WES,3
PAA,3
MMP,5
PSXP,4
DCP,6
SHLX,2
CQP,2
WMT,33
HD,59
TXN,31
PM,34
INTU,15
NS,1
BPMP,2
BISXX,5
XTSLA,49
XYL,5
AWK,10
WTRG,5
ECL,9
PNR,5
AOS,7
SEV.PA,2
SVT.L,2
UU..L,2
WMS,3
ALXN,7
WBT,1
WORK,4
MXIM,9
PYPL,55
SE.SI,16
Z,1
TWLO,16
COIN,6
PINS,12
TDOC,5
EXAS,3
PACB,7
CDNA,2
VRTX,10
IONS,2
FATE,5
TWST,3
CRSP,7
ZM,13
SPOT,8
U,5
KTOS,3
TRMB,6
IRDM,3
DDD,14
PATH,1
TWTR,16
GBTC,1
D05.SI,5
O39.SI,2
U11.SI,2
BBCA,5
PTT-R,2
1295,1
BBRI,3
Z74.SI,1
1155,1
SCC-R,2
000333,2
603259,2
002709,1
000799,1
603486,1
600089,1
000009,1
002340,1
002074,1
600460,1
300285,1
601233,1
300750,12
300760,6
600900,2
COG,3
MESU21,1
DLR,19
AEP,10
CARR,10
OTIS,5
BIO,4
AGNC,5
DOX,3
KR,16
NLOK,7
AJG,7
RSG,10
NVS,3
SONY,3
RY.TO,23
TOT.PA,3
BHP.AX,20
NVO,2
FITB,6
FOXA,3
NVR,6
WBA,9
VMC,3
GS,20
SIVB,9
CBRE,3
AER,1
RMG.L,4
SBRY.L,1
MNG.L,3
ASRNL,3
BWY.L,1
STJ.L,1
TATE.L,1
MKS.L,1
BEKB,1
SMSN.KS,3
02318,22
000660.KS,12
OVV,14
XEC,4
AN,4
TRGP,7
AA,3
SF,2
FL,2
R,1
AL,1
ABNB,7
UBER,4
BKNG,6
LYFT,4
MMYT.BO,2
TRN.L,1
TCOM,5
00696,1
EXPE,5
TRIP,1
FXFXX,2
AGPXX,21
01211,6
051910.KS,4
GLEN,7
MNOD,3
006400.KS,8
300014,2
CBA.AX,12
CSL.AX,7
WBC.AX,4
NAB.AX,3
ANZ.AX,3
WES.AX,9
MQG.AX,3
CERE,1
NTLA,19
EDIT,5
MGNX,3
TBIO,4
CLDX,1
NKTX,1
IMAB,2
MCRB,2
TD.TO,11
BNS.TO,6
CNR.TO,6
BAM.A.TO,5
BMO.TO,4
CP.TO,4
TRP.TO,18
SAP.DE,46
ULVR.L,51
SIE.DE,26
6758,19
6861,16
9984,12
6098,9
8306,10
7974,9
8035,13
4063,9
6594,8
AMC,22
DDOG,7
CZR,11
CRL,13
CTLT,3
POOL,6
TYL,2
MRNA,26
VNDA,3
LGND,1
HALO,2
ZLAB,7
PLD,22
EQIX,20
PSA,24
SPG,15
WELL,18
AVB,16
EQR,11
O,7
ARE,8
NVAX,10
BLDR,2
GME,20
CLF,4
TW,2
FRPT,7
BRKS,4
BLD,3
RDFN,2
RRR,1
BYD,1
VICI,6
CNTY,1
FLL,2
WH,2
HGV,1
GLPI,5
HLT,4
MAR,4
SGMS,6
ENT.L,4
PBH.AX,1
DKNG,3
KIND SDB,1
RSI,1
FLTR.L,2
KAMBI,1
PENN,3
02331,4
02020,5
LULU,3
NKE,31
ADS.DE,6
2267,1
PUM.DE,1
06110,1
JD..L,1
TPIXX,4
CROX,17
CPRX,1
EPAM,5
EFX,3
LMAT,3
AXON,12
AVLR,2
VRM,2
AMRS,2
PHR,1
TXG,6
ENTG,8
TECH,19
LSPD.TO,2
AMGN,12
GILD,15
ILMN,12
HON,14
UNP,13
NEE,18
CAT,8
AMT,23
ZTS,8
AZRE.BO,2
SIFY.BO,1
WNS,1
YTRA.BO,1
TTM.BO,2
RDY.BO,1
AXB.BO,1
WIT.BO,3
ARCC,3
FSK,5
ORCC,1
MAIN,2
HTGC,2
PSEC,3
TSLX,3
GSBD,2
GBDC,3
NMFC,2
EVO,2
LVS,1
00027.HK,2
ALL.AX,1
MGM,6
VALE3.SA,27
02269,15
MRVL,22
EMDU21,3
MPC,15
CDNS,9
IFF,10
PSX,12
PXD,15
LSI,7
LSCC,12
NTNX,3
REXR,4
IIVI,8
6702,8
MSTR,19
IBM,24
OSTK,4
AMD,20
BRX,3
AIV,1
RVI,1
AFIN,2
K2LU.SI,1
CUBE,8
CXP,1
DANHOS 13.,1
PSB,1
EXR,11
TATASTEEL.,2
MAC,6
FMBK,2
MRW.L,7
NED.JO,2
DEMANT,2
INVP.L,3
NUE,12
OGVXX,1
MARA,5
VYGR,2
GLXY,2
4819,1
HIVE.TO,1
SI,6
GMAB,3
SGEN,5
ISRG,7
TFX,1
AMED,3
ALC,1
STMN,2
02359,2
SKOR,1
MBSD,1
IGSB,1
IGIB,1
TLT,8
IGLB,1
LKOR,1
IEF,5
IEI,3
VOW.DE,1
4004,2
SWK,2
086520.KS,1
ALB,5
SQM,1
AMS.JO,2
357780.KS,1
066970.KS,1
LIN.L,16
PTON,10
DASH,7
ARES,2
ESTC,5
RBLX,7
FTNT,25
ABBN,7
6954,2
6506,1
RSW.L,1
TECN,2
6645,1
CELH,6
AVTR,5
FNV.TO,5
TECK.B.TO,3
SNV,3
PKI,8
TAEE11.SA,4
AZUL.SA,1
GOAU4.SA,3
LCAM3.SA,2
OIBR.C.SA,1
COGN3.SA,1
GOL.SA,1
BRML3.SA,1
BPAN4.SA,2
NET,21
FGEN,3
TTD,10
OXY,14
ALNY,4
PODD,1
ELAN,2
BMRN,3
GH,3
035720.KS,9
6415.TW,1
SNAP,15
FOUR,1
BILI,16
DJUN,1
DAPR,1
DMAR,1
DMAY,1
DFEB,1
DJAN,1
DOCT,1
DDEC,1
DAUG,1
DNOV,1
PAPR,1
PMAY,1
PMAR,1
PJAN,1
PFEB,1
PSEP,1
PDEC,1
PJUN,1
POCT,1
PNOV,1
CRWD,15
ZS,13
PANW,6
CHKP,3
OKTA,8
FEYE,3
CYBR,3
AVST.L,1
TMO,24
EBAY,21
KLAC,4
ETSY,11
QRVO,6
FVRR,7
DOCU,20
ADYEY,1
RKT,1
PLTR,4
VIAC,7
AVGO,25
SIG,5
ANF,6
MDP,4
AMCX,4
SEM,4
CCS,2
GPI,3
ABG,1
SBH,1
BIG,5
DAI.DE,14
VOW3.DE,6
00175,2
7267,4
000270.KS,4
F,10
SKY,1
TMDX,2
CRTO.PA,3
SMED,2
SNE,1
STRL,2
LXFR.L,2
SMLR,2
BV,2
PGNY,2
AKTS,1
CHK,4
BBD.B.TO,2
RYCEY.L,1
MIME,2
KURA,1
VYNE,1
PUBM,1
INSG,1
LRN,1
MD,2
JW.A,3
TWOU,2
MS,14
NSC,5
XOM,52
WEC,6
CMS,5
LNT,8
XEL,11
KMB,8
K,5
BX,5
DGE.L,11
OR.PA,22
4502,2
7741,2
ZFU21,3
VVR,2
BGB,3
CPZ,1
IVH,1
MSD,1
NCZ,1
GHY,3
SPE,1
2412.TW,5
2883.TW,1
4904.TW,2
MTSS,1
1101.TW,1
CEZ,3
2890.TW,1
2633.TW,1
1102.TW,2
INTUCH,1
BAC,46
DE,12
AXP,11
SRE,13
TEL,6
TSTXX,2
VIE.PA,4
GEBN,5
HLMA.L,2
300142,1
BGNE,4
300601,1
000661,1
300676,1
01177.HK,3
300357,1
01548,3
HUBS,13
NOW,13
00788,2
IQ,2
WB,1
002624,1
01024,3
300413,1
00857,2
00386,3
01088,2
02883,1
01171,5
000983,1
601699,1
002353,1
600256,1
900948,1
01093,3
01801,2
00241,1
00853,1
01833,3
06098,3
ZTO,1
00586,1
01919,4
00267,2
02338,2
00656.HK,1
03898,2
03319,1
02382,4
01810,2
00968,6
00268,2
00992,3
GDS,4
02018,2
03888,1
00285,1
02899,3
00914,1
03323,1
600309,2
01772,2
01378,1
02600,1
01313,1
00358,2
02689,1
YUMC,5
BEKE,4
01109,2
00960,1
01918,1
00688,2
02007,2
00004.HK,1
02202,1
00754,3
00813,2
02319,1
00291,1
06186,2
00168,1
06969.HK,2
01044,3
603288,4
00322,1
00916,5
02688,3
01193,2
00270,2
00384,2
00836,2
00392,2
00371,1
02380,1
01398,6
03988,2
02628,2
01288,1
02601,1
03328,2
02328,1
09939,1
02196,1
03759,1
06185,1
00867,2
00460,2
SPLK,10
VRNS,7
JNPR,3
CM.TO,7
FTS.TO,3
00006.HK,11
BCE.TO,6
EMA.TO,7
SCMN,7
00002.HK,5
H.TO,1
T.TO,2
POW.TO,3
L.TO,5
WN.TO,2
00003.HK,3
MFSU1.TO,2
CM,1
NESN.TO,1
FTS.HK,2
00006.TO,1
EMA,1
FTIXX,17
VEEV,9
NEGG,2
DIBS,2
DBX,3
FSLY,2
COUP,1
PCTY,3
PAYC,2
IDXX,20
WST,5
ANET,5
NDAQ,6
ASHX,1
ASHS,1
SSPK,1
HYFM,2
WEED.TO,7
TLRY.TO,8
GWPH,1
VFF.TO,4
DGCXX,3
AFCG,1
GRWG,7
RIV.TO,3
REPL,1
TIL,1
IOVA,2
RCUS,1
ATRA,1
JKS,3
NOVA,3
SHLS,3
SPWR,2
MAXN.SI,3
SEDG,20
CSIQ,1
300059,1
002475,4
300015,4
002714,2
300122,2
002142,1
300124,1
000001,1
VEDL.BO,2
FM.TO,3
FCX,12
BOL,2
KGH,3
GMEXICOB.M,5
BIIB,19
LEN,8
TJX,5
HPQ,14
ULTR,4
SHV,3
BIL,1
FXY,1
SPY,6
IVV,3
GBIL,1
TME,2
RIGD.BO,6
NESTE,2
096770.KS,3
VLO,7
5020,3
5019,1
6505.TW,1
HFC,2
DAL,4
LUV,4
CCL,3
RCL,4
UAL,3
RYAAY.IR,1
AAL,2
IHG.L,1
AMEH,5
ANAT,9
TWNK,3
CRVL,3
COKE,6
MGEE,4
PRFT,1
PBH,7
AWR,4
UTL,2
OTTR,1
IDCC,1
CSGS,2
AVA,4
UVV,4
EBF,1
DOW,12
VMEO,2
OGN,1
CNXC,4
IAA,1
AIRC,2
TELL,2
DDS,6
GNK,2
IDT,3
VSTM,1
BEAM,5
CYBE,1
NEXT,1
VWS,8
SGRE.BC,2
JMAT.L,2
009830.KS,2
FGTXX,9
ABT,9
IP,12
UPM,5
AVY,3
AMCR,1
SK3.IR,2
WY,6
MNDI.L,2
PKG,2
WRK,3
STERV,2
FANG,17
WFCPL,7
EVV,3
JPMPK,3
COFPL,1
SKT,2
WFCPC,1
DSL,3
TROW,9
AVGOP,7
BACPL,4
MIDD,1
MCO,10
AFL,3
TREX,3
DHR,20
SHW,13
SLGN,3
DFS,9
MSI,12
RMD,12
ROK,4
CPRT,4
DHI,8
WCN.TO,2
VNLA,1
ETV,1
PFF,5
FFC,2
CCI,16
PALL,1
WCLD,1
CWB,5
RIOT,3
ALV.DE,24
BAS.DE,10
DPW.DE,13
BAYN.DE,8
MFS/ZU21.P,1
MC,1
MMEU21.SA,1
VALE3.BO,1
RIGD,1
SAN.PA,26
TTE.PA,19
SU.PA,10
AI.PA,7
IFX.DE,5
6501,11
COF,12
WFC,32
GVIXX,1
CFG,3
PNC,11
MDT,9
STWD,3
SLG,2
PRU,7
UNM,4
STOR,2
LEG,3
FXPO.L,3
EURN,2
NELES,2
NXI.PA,2
POST,2
BB.PA,2
STG,2
CIE.BC,2
ENAV.MI,2
PTM.AX,2
YMU21,2
GSK.L,28
FMG.AX,18
BATS.L,17
9434,14
KESKOB,4
KINV B,6
CTC.A.TO,3
ELUX B,1
ZAL.DE,3
SGRO.L,9
MFSU21.DE,1
PAH3.PA,1
PUB,1
BXC,1
ZUMZ,1
CTRN,1
DFIN,2
APOG,2
GHL,1
KFRC,2
MEI,3
MOV,2
ICE,5
CHTR,9
ORLY,5
GCM1,1
SBER,7
2317.TW,9
ROSN,4
1301.TW,3
532898.BO,3
MTB,1
SBUX,7
DIS,25
VGR,2
BGS,5
KTB,1
RCII,4
CMP,1
SJI,2
CMC,2
GEF,2
MED,7
NTAP,8
IPG,8
DELL,6
CINF,9
CTSH,2
T,33
MO,19
KO,18
C,21
RDSB.L,8
DAR,6
LAD,2
MTZ,2
AEO,3
OMCL,15
RS,6
ATH,4
PHM,8
BG,4
IVZ,3
JUP.L,1
TGS,1
CHEMM,1
ANIM.MI,1
KARN,2
PIA.MI,1
DRX.L,1
EPR,3
MONY.L,1
DAPXX,15
BA,9
RTX,8
LMT,7
TDY,5
LHX,6
GD,11
NOC,7
TDG,5
9101,6
8410,2
2768,3
6473,2
5101,4
9513,2
7167,2
4202,2
5214,2
8570,1
USB,5
MKL,1
CB,3
TCS.BO,15
066570.KS,2
500228.BO,2
00881,1
NUS,3
CATY,1
BKE,6
TRN,1
2615.TW,6
ARI.JO,2
138930.KS,1
AVI.JO,1
TISCO-R,1
01368,3
2347.TW,1
006360.KS,1
MT.SA,3
GE,8
BBVA.BC,1
MTN.JO,3
HWM,2
GLE.PA,2
COP,23
CVX,28
OMV,3
ADM.L,2
US.MI,2
SLA.L,1
ACS.BC,3
HLAG.DE,1
MB.MI,2
TEL2 B,1
DNBH,3
BAER,1
FERG,3
NTB,1
HEP,2
IRM,7
CCOI,3
HE,2
ETRN,4
KNOP.L,1
FRT,2
WMB,18
MMM,12
BLK,9
AGR,2
VPL,1
VWO,4
EWT,1
EWJ,1
INDA,5
EWA,1
EWZ,1
01113.HK,6
REI.UN.TO,1
A2A.MI,2
GWO.TO,1
8002,1
LUNE,2
CGNX,12
FICO,10
SBNY,14
XPO,9
CPT,9
GGG,13
M,12
SAIA,15
GTLS,12
NEO,10
POWI,10
RIO.AX,6
REL.L,4
PGHN,4
AM,3
BEN,3
NWL,3
WSO,2
FNF,5
CNA,1
PNW,3
NTGY.BC,2
EQNR,3
VOD.L,3
FORTUM,4
7751,1
IBDO,1
IBDN,2
IBDP,1
IBDQ,1
IBDM,2
BSCL,1
VNA.DE,6
00016.HK,8
1878,3
1925,4
DWNI.DE,7
GMG.AX,7
8801,6
MA,32
RHHBY,2
9433,7
ITX.BC,1
APT.AX,3
SSYS,1
SWKS,11
LUMN,6
FE,3
UPS,22
SC,4
DXC,4
LNC,3
AIG,4
PFG,5
NXST,4
BPOP,5
A,12
GRMN,6
TTC,7
ITW,3
OKE,14
PPL,4
00303.HK,2
SPK.NZ,3
00008.HK,1
JBH.AX,1
MIN.AX,5
MFG.AX,1
00683.HK,1
AST.AX,1
GLTR,3
TRPL4.SA,2
KIO.JO,2
CHMF,3
TRNFP,2
CESP6.SA,1
ADRO,1
PTBA,1
FEES,1
BGFV,2
HSKA,3
SM,10
FLGT,6
KIRK,1
BNGO,2
DBO,1
FYX,1
VBR,2
YPS,1
XLI,6
FNX,1
XLB,3
IJT,2
VOT,1
011200.KS,5
VALMT,6
MOCORP,5
SAMPO,2
1907.TW,1
TOWR,1
RH,5
LB,7
BURL,4
TPX,4
DANSKE,1
EDU,2
CALX,4
KRNT,3
SGRY,4
OPRX,1
CAMT,1
AVID,2
CDMO,1
HOLD,2
SVC,1
VST,2
BF.B,4
HLF,1
AKAM,4
BLUE,2
SJR.B.TO,5
ENG.BC,6
REE.BC,2
2881.TW,3
ELE.BC,1
BMW.DE,4
EOAN.DE,1
5110,2
CHUY,2
TXRH,2
RUTH,1
BLMN,1
DIN,1
RICK,2
FRGI,1
JACK,1
DPZ,3
WSM,10
4755,2
W,1
IEX,5
SQM-B,1
CHILE,2
COPEC,2
ENELAM,1
FALABELLA,4
BSANTANDER,1
BCI,1
CMPC,1
IBDRY.BC,1
MISXX,2
PEG,11
ENLAY.MI,1
00354,3
03800,3
01302,1
00336,1
02400,1
09966,1
LX,1
500696.BO,10
MARUTI.BO,1
1216.TW,1
2603.TW,8
LKOD,4
PBR.A.SA,1
01958,1
JBSS3.SA,2
AMX.MX,1
03808,1
DSV,3
ORSTED,5
CARL B,1
COLO B,2
NZYM B,1
MAERSK B,6
PNDORA,2
FMX.MX,1
1513.TW,1
00868.HK,2
2382.TW,1
ITC.BO,1
LH,9
CERN,3
NUAN,5
2413,1
TNDM,1
ENIA,1
BRDT3.SA,2
KOF.MX,1
EXX.JO,1
AEV,1
01071,1
OSP,1
CHGG,3
BFAM,1
PSON.L,1
IEL.AX,1
TAL,1
00667,1
ELEKTRA.MX,2
2812.TW,1
3045.TW,2
2884.TW,1
2880.TW,1
5880.TW,2
500295.BO,1
047050.KS,1
9904.TW,1
TU-R,1
GRT.JO,1
500312.BO,1
1402.TW,1
2454.TW,6
4966,1
5483.TW,1
TFG.JO,3
CROMPTON.B,2
3529.TW,2
540222.BO,3
2337.TW,1
500271.BO,2
2892.TW,1
NAVI,3
ODP,2
FBC,1
UNFI,4
EZM,1
AAWW,3
DLX,1
PDCE,5
AVV.L,1
SOF,5
6370,2
SPX.L,3
DIA.MI,2
8953,3
SOL.AX,1
CRDA.L,4
GN,1
00012.HK,3
RAND,1
06823.HK,2
GIVN,2
RMS.PA,2
NOKIA,2
KNEBV,3
ELISA,1
HSBA.L,9
CMG,11
EAST.CA,1
EKHO.CA,1
TMGH.CA,1
CLHO.CA,1
ETEL.CA,1
SWDY.CA,1
OCDI.CA,1
CIRA.CA,1
TLKM,2
BMRI,2
ASII,2
CPIN,2
UNVR,1
BBNI,2
KLBF,1
SMGR,1
KMI,18
LNG,13
PPL.TO,8
WIX,4
NICE,4
LUMI,1
TEVA,1
POLI,1
DSCT,1
ICT,2
RENT3.SA,1
PIDILITIND,2
531642.BO,2
500034.BO,6
ETISALAT,2
HPG,3
VIC,3
MAREL,1
FAB,2
NBK,3
2303.TW,4
005490.KS,4
AOT-R,2
UGP.SA,1
PAC.MX,1
ASR.MX,1
KEP.KS,1
CCRO3.SA,1
PAGP,2
GVMXX,7
HDFC.BO,11
005935.KS,5
IPL.TO,1
MOWI,2
YAR,2
NHY,3
ORK,2
TOM,2
ADE,2
GJF,2
SNPS,8
FPH.NZ,1
AIA.NZ,1
MEL.NZ,2
A2M.NZ,1
CEN.NZ,1
IFT.NZ,1
FBU.NZ,1
MCY.NZ,2
RYM.NZ,1
SMPH,1
ALI,1
AC,1
JGS,1
BPI,1
BDO,1
URC,1
ICICIBANK.,5
LT.BO,2
SBIN.BO,2
HCLTECH.BO,4
532555.BO,1
PKO,1
ALE,2
PZU,1
PKN,2
LPP,1
PEO,2
DNP,2
PGN,2
CDR,2
FRTPC,1
ARESPA,1
HFROPA,1
AXSPE,1
NNNPF,1
PNCPP,4
FULTP,1
WFCPO,1
FCNCP,1
BAP,1
SCCO,1
ALICORC1,1
BVN,2
HOC.L,1
01208,1
LBRDK,4
CABO,1
ATUS,2
COMM,2
DISH,7
UI,3
VSAT,2
XLY,10
XLC,6
XLE,5
XLV,6
XLP,3
XLRE,3
RJF,2
HES,7
STT,1
SLB,10
NFLX,19
SEE,6
IT,4
HUYA,4
FUTU.HK,1
SEK.AX,1
FLT.AX,1
9022,2
LI,5
KRX.L,2
XPEV,7
EOG,18
2882.TW,3
CPU.AX,1
6448,1
AD,9
2651,1
8795,1
8001,1
8015,2
AGL.AX,1
TEF.BC,4
HII,4
CAG,3
EIX,6
BBY,6
EXC,12
ZION,1
CMA,3
KRC,2
DECK,4
ATVI,10
FGXXX,6
AMN,3
LAND,1
AMRC,1
CHPT,4
VGK,3
IJR,2
XME,3
IBUY,1
AHT.L,3
LI.PA,2
DSY.PA,3
BNP.PA,3
SAN.BC,3
ZURN,3
UBSG,2
INGA,3
PRU.L,1
CS.PA,2
LLOY.L,1
ASM,2
COV.PA,1
IG.MI,1
PROX,2
B4B.DE,1
ERII,4
PCT,2
DCI,2
AQUA,1
STE,1
LYV,1
TMUS,7
EVT.DE,1
DLG.L,2
TEG.DE,1
RHM.DE,1
TKA.DE,2
EVD.DE,1
GXI.DE,1
BOSS.DE,1
PSM.DE,1
BFSA.BC,1
4523,2
6920,1
3436,1
3382,2
4506,2
8316,1
RAMP,1
QDEL,3
SAFM,1
HAE,2
SLAB,6
SBAC,11
MAA,4
VTR,6
LDL,2
LPI,2
RAVN,1
SYKE,5
TRUP,4
2308.TW,3
2002.TW,3
1303.TW,2
BP..L,11
RDSA.L,11
ICP.L,4
SMDS.L,4
RMV.L,4
BME.L,2
HWDN.L,1
ECM.L,1
WEIR.L,1
PNN.L,1
DPH.L,2
IMI.L,2
AMXL.MX,4
WALMEX.MX,3
GFNORTEO.M,3
FEMSAUBD.M,2
CEMEXCPO.M,3
TLEVISACPO,2
GAPB.MX,1
ASURB.MX,1
BIMBOA.MX,2
2609.TW,4
DQ,2
WHL.JO,1
MRP.JO,1
PERSISTENT,1
3023.TW,2
005380.KS,3
068270.KS,3
ITUB4.SA,6
PETR4.SA,7
BBDC4.SA,3
PETR3.SA,4
B3SA3.SA,3
ABEV3.SA,2
MGLU3.SA,2
WEGE3.SA,2
NTCO3.SA,1
ASAI3.SA,1
EMBR3.SA,2
AZUL4.SA,1
PRIO3.SA,1
ENEV3.SA,1
LWSA3.SA,1
SULA11.SA,1
YDUQ3.SA,1
5609.TW,1
2108.TW,1
042700.KS,2
ISMEN,1
TRU.JO,1
IMP.JO,4
3014.TW,1
FSR.JO,2
SBK.JO,2
SSW.JO,1
CPI.JO,2
SOL.JO,2
SLM.JO,1
GFI.JO,4
SLM,4
BERY,3
HBI,3
FAF,5
ALL,12
ALLY,6
BK,6
TIP,2
EMLC,3
BNDX,2
BLX.TO,1
DUK,14
SSE.L,4
CI,5
CNC,6
ALKS,3
ACAD,2
IQV,4
BIDI4.SA,1
CSNA3.SA,3
USIM5.SA,1
ELET3.SA,3
SUZB3.SA,1
NEOE3.SA,1
PCAR3.SA,1
01585,1
01114,1
200625,1
ETG,1
BST,1
RNP,1
EVT,1
HQH,2
ETO,1
ARDC,2
BSTZ,1
THQ,1
GDV,1
DVN,7
MRO,6
EQT,6
CC,2
EXP,2
APA,1
AVTRPA,4
LGEN.L,1
IGG.L,1
NN,2
ORA.PA,1
SRG.MI,3
AOX.DE,1
TITR.MI,1
6033,1
MER,1
CPLE6.SA,1
ENEL.MI,12
9532,1
3269,2
BILL,5
SAM,5
FEMB,1
HYLS,2
FPE,2
EMB,1
FPEI,1
LGOV,1
AVXL,4
ENVA,1
USCR,1
DCOM,2
CLNE,2
WOW,1
IESC,1
ADYEN,8
TOU.TO,5
LIGHT,7
ONEX.TO,3
ACQ.TO,1
001230.KS,2
108320.KS,1
005850.KS,1
298020.KS,2
002380.KS,1
048260.KS,1
SBB B,1
T7O.L,1
LDOS,3
BAH,4
CACI,1
KBR,2
BRKM5.SA,2
8454.TW,2
01898,1
GGRM,1
2014.TW,1
UNIP6.SA,1
3006.TW,1
03818,2
IPN.PA,1
KNIN,5
INVE B,6
KGF.L,1
BAMI.MI,1
OCI,1
LEG.DE,3
TKA,1
TTTXX,1
SGOL,1
UPST,1
INMD,1
QFIN,1
LOVE,1
CRCT,1
ATKR,2
LIF.TO,3
008560.KS,2
024110.KS,1
MAP.BC,1
316140.KS,1
PAH3.DE,2
HFG.DE,1
1U1.DE,1
HEI.DE,1
JUN3.DE,1
WCH.DE,1
SOON,2
KER.PA,2
KEY.TO,2
SRU.UN.TO,3
2914,5
01038.L,2
H78.SI,1
NG..L,5
CNQ.TO,4
STNE.SA,1
XRO.NZ,1
FISV,2
FIS,3
MAXR,4
ATEN,1
RPD,2
RADA,2
AV..L,1
ADI,14
NXPI,6
KEYS,4
ERIC,2
ROP,7
3923,1
4062,1
3563,2
4042,1
1803,1
6723,1
3288,2
3291,1
BT.A.L,1
EVR.L,2
SXS.L,1
WOW.AX,1
ITSA4.SA,2
FP.PA,1
AIR,1
00669.HK,1
00001.HK,3
532215.BO,5
500820.BO,5
BHARTIARTL,4
ISP.MI,2
STLA,2
ENI.MI,1
G.MI,1
UCG.MI,1
RACE.MI,1
CNHI.L,4
MONC.MI,1
MN2M1,1
APH,4
DG.PA,3
J,2
ACM,4
EN.PA,1
SKA B,1
FGR.PA,1
FUNO 11.MX,1
GGBR4.SA,1
TIMS3.SA,1
PAYX,6
LKOH,6
GAZP,6
MSCI,7
MTCH,5
MTD,6
XLNX,9
CTAS,5
STAA,10
JCOM,2
HELE,1
LHCG,2
NVTK,2
GMKN,2
PLZL,1
NLMK,1
TATN,1
ZU1,1
TESXU1,2
CFR,3
LONN,2
SIKA,2
INFXX,1
UL.L,1
EMR,4
SO,10
ANG.JO,2
KFH,3
VHM,2
APD,7
PPG,6
CHS,2
EXPR,2
OII,2
EVRI,2
034020,1
9107.DE,1
011210.KS,1
LEO.KS,1
001230.DE,1
7936.L,1
KCO.TO,1
TOU,1
IMI,1
IBN.BO,2
DKS,5
JEF,5
KIM,1
QRTEA,4
THC,6
UPWK,7
OLN,6
SWAV,2
YETI,4
WPM.TO,7
SIL.TO,2
NTR.TO,11
DEO.L,1
MNRL,2
APO,4
CTT,2
LGF.B,1
LGF.A,1
GHC,5
KEY,1
032640.KS,1
017670.KS,3
030200.KS,1
004020.KS,1
003550.KS,1
GMZB,1
SCHWPJ,1
BACPO,1
DRE,3
UDR,3
SHL.DE,2
PRX,3
NEXI.MI,2
NWG.L,1
APTV,5
CPNG.KS,2
CVE.TO,1
RGEN,4
BSY,2
USFD,1
XRAY,2
TXT,4
WHR,1
AAP,4
FBHS,2
JBHT,3
MHK,1
TPR,2
EL,6
VACN,4
SIGN,4
SPSN,1
SFSN,1
DUFN,1
6326,4
F34.SI,1
EVK.DE,1
EXPD,9
HBAN,5
MCHP,2
BBL.L,1
PBR.SA,2
TSN,6
ADM,16
DG,6
SJM,4
GIS,5
UTHR,3
SYNA,4
AMKR,3
TER,7
CDEV,3
NYCB,1
FRC,3
FCNCA,3
BLNK,1
CSX,4
PCAR,1
CHRW,1
CF,2
HCA,5
ZNU21,5
ZBU21,2
LCQ21,1
CCU21,1
SX1,1
CTF1,1
HEQ21,1
FTIU21,1
HGU21,1
CLX,6
GLW,2
HLI,1
HUBB,1
TSCO,5
BWA,2
SFM,1
REYN,1
UHS,3
09999,2
TDC,7
JBL,4
CLR,4
AGO,5
ZBRA,8
BC,2
COHR,1
ATO,2
EVRG,1
ETR,4
STLD,6
RGLD,4
CE,1
MOS,2
NEU,1
WLK,1
TKR,2
MTDR,6
AR,6
RILY,2
BOOT,3
RRC,5
CNR,1
ARX.TO,1
00639,1
CPG.TO,1
MUV2.DE,1
BETS B,1
GTN,1
SUPN,1
FDP,1
EYLD,3
SYLD,3
PDBC,4
BLDG,1
BND,3
GVAL,2
VAMO,3
FYLD,2
QMOM,1
SPDW,1
SPEM,2
SPLB,2
SPIP,1
SPSM,1
SPEU,1
SPTL,2
VALT,3
263750.KS,1
181710.KS,1
TM17.L,1
09990,1
3632,1
PDX,1
HPE,4
DADA,1
CRSR,2
COR,7
SWCH,2
PERI,3
BXP,1
URW.PA,3
8951,2
8952,1
BKG.L,1
VNO,1
C38U.SI,1
GPT.AX,1
ABC,2
HUM,3
BP.L,1
TBF,1
FNDE,1
KRE,1
IPAC,1
SLV,1
VTV,2
FNDF,1
SCHC,2
NCM.AX,2
AEM.TO,2
KL.TO,7
NST.AX,1
K.TO,4
PAAS.TO,4
EVN.AX,2
YRI.TO,3
FR.TO,4
EDV.L,3
BTO.TO,3
HL,6
SSRM.TO,5
MDKA,3
AGI.TO,2
067160.KS,3
VIV.PA,2
MOMO,1
RVLV,5
CVAC.DE,1
DGX,6
ABCL.TO,1
TCL.AX,2
AENA.BC,2
ATL.MI,2
IBE.BC,9
000568,2
600031,2
507685.BO,2
500124.BO,2
DIVISLAB.B,3
ULTRACEMCO,1
532977.BO,2
500087.BO,2
TTGT,3
EXPI,3
VICR,1
APPS,7
EYE,1
MXI,1
VB,1
DBE,1
DBB,1
RXI,1
VEA,4
SRPT,2
ARWR,6
EKTA B,1
CG.TO,1
OR.TO,2
SSL.TO,1
MTA.TO,1
TXG.TO,1
KRR.TO,1
CGG,1
CDE,4
NG,1
EQX.TO,1
ESS,1
HTO,1
EUROB,1
OPAP,1
ALPHA,1
ETE,1
PPC,2
TPEIR,1
MYTIL,1
TITC,1
DSVXX,1
JCI,7
ETN,4
PRY.MI,1
TRN.MI,1
EWM,1
CORT,1
ZTU21,4
TNU21,3
UBU21,2
NVTA,2
PEGA,2
CPE,4
ICOL,1
CAP,1
ALRS,2
JSW,1
WIE,1
SIBN,1
6532,3
NVMI.TW,1
FUTR.L,3
8088,2
NOD,1
8956,1
PETS.L,2
014680.KS,1
NDA SE,2
ATCO A,2
ERIC B,1
VOLV B,1
EC,1
CIB,1
ISA,2
BCOLOMBIA,2
GEB,2
NUTRESA,2
PFDAVVNDA,2
CEMARGOS,1
CORFICOLCF,1
GRUPOSURA,1
ENLC,1
ENBL,1
KNBE,1
SAIL,1
DARK.L,1
SUMO,1
HYRE,2
AMBA.TW,4
INVZ,2
8802,4
8830,4
TFDXX,1
FCGXX,1
GRUB,1
APPF,1
EHTH,1
PCG,3
MKTX,3
TFC,2
2702,1
2269,1
BLDP.TO,2
NEL,2
AFC.L,1
ITM.L,3
CWR.L,2
BE,3
336260.KS,1
NTRA,2
EA,5
EMBRAC B,1
ZNGA,3
9697,1
TTWO,1
NCLH,3
DSU,1
VTA,3
BDJ,2
AOD,1
BIT,1
BOE,1
ISD,3
FCEL,1
E.MI,1
9432,6
SCHZ,1
HTRB,1
HYLB,2
QQQ,9
PFFD,1
QYLD,1
VCIT,2
MLPA,1
KBH,1
TPH,1
TOL,4
IRT,1
IMCD,3
ENX.PA,3
GETI B,6
SWX,1
LII,4
MSM,2
RYN,2
SEIC,2
SCI,3
WTS,3
VCYT,1
GKOS,2
VCRA,2
AXGN,1
TRHC,1
VRSN,4
CIM,7
KREF,3
RWT,1
ARI,3
MFA,1
PTY,1
ABR,4
HYT,2
IJGXX,1
MCSXX,4
BBIO,1
MEDP,3
VIR,2
IBCE,1
LE,1
TDUP,2
TKWY,2
SFIX,1
BIGC,2
REAL,1
WISH,1
PRTS,1
ECOPETROL,1
PFBCOLOM,1
TGLS,2
CNE.TO,1
PXT.TO,1
BTI.L,1
TELIA,2
02388,1
01083,1
051600.KS,1
4751,1
LATO B,1
02638.HK,1
MRU.TO,1
MRK.DE,2
06160,1
TLS.AX,2
1928,2
COL.AX,1
00011.HK,1
TLK,1
BANPU-R,1
UNTR,1
MNST,3
KSU,5
CNP,1
MSEX,1
TMST,2
YORW,1
ZFU1,1
ZNU1,1
PFPT,5
VMW,5
ZNU21.DE,1
ZBU21.TO,1
EXPO,5
IIPR,8
ENSG,11
ZBH,1
AGS,1
01308.HK,2
9519,1
BESI,3
TITAN.BO,1
500825.BO,1
500096.BO,1
532424.BO,1
NESTLEIND.,1
MOTHERSUMI,1
500830.BO,1
HDFCBANK.B,2
532978.BO,2
540719.BO,1
540777.BO,1
KOTAKBANK.,3
COLD,1
STAG,4
ILPT,4
EGP,1
FR,3
TPL,3
PSK.TO,1
DB1.DE,1
ASX.AX,1
9020,2
SRLN,3
SPYD,1
EBND,1
DWX,1
PSK,1
GII,2
BHP.L,3
PHIA,1
GPN,2
AKZA,2
MG.TO,2
8058,1
SNOW,2
01821.AX,1
01876.HK,1
THG.L,1
FDJ.PA,1
TMV.DE,1
ADSK,4
NVCR,6
DOMO,2
MP1.AX,1
FUBO,2
SOFI,1
FFIN,4
HQY,2
PB,1
EVR,3
UCBI,1
HOMB,1
ONB,1
FFBC,1
MTX,1
SBSI,1
CAR.UN.TO,1
IAG.TO,1
ALA.TO,1
WFG.TO,4
3349,1
4732,1
6869,1
FBK.MI,1
3391,1
S63.SI,1
MAS,1
PLTK,2
OMI,5
CIEN,2
6701,2
2432,1
6361,2
7259,1
MPWR,4
LPLA,2
ODFL,7
OTEX.TO,3
SINCH,1
KC,2
FDS,7
BRO,6
MASI,4
EWBC,5
OC,2
FHN,4
LEA,2
Y,2
ED,2
FMC,2
WKHS,1
LNTH,2
PTGX,1
PRTA.IR,1
UIS,1
CSTL,1
SENS,1
FIVN,5
DNLI,4
SSB,3
VLY,3
CIT,4
TT,3
INFO,2
ITRN,1
ECP,2
CEL,1
DANE,1
MLTM,1
ONE,1
DRIO,1
ALLT,1
ALK,1
SNCY,1
ALGT,1
JBLU,1
SKYW,1
AC.TO,1
KOZAL,1
KNT.TO,2
WDO.TO,2
PRU.AX,1
MUX,1
AR.MX,1
LYB,3
ML.PA,1
CMI,1
PH,1
ITT,2
JOIXX,1
WLTW.L,2
YNDX,2
AMP,4
AUTO.L,1
4901,2
SHL.AX,2
PTEN,4
PVAC,1
PPD,1
CHE,3
MKSI,1
SMG,2
MRVI,1
NARI,1
SWI,1
TTEC,2
EBS,1
ALRM,4
SAGE,1
GWW,2
002304,1
000651,2
600887,2
ORC,1
ARR,1
CGBD,2
NLY,4
CMO,1
PGR,6
TRV,1
SIGI,1
RLI,2
KMPR,1
ACGL,1
THG,2
CBSH,2
WAL,3
FHB,3
OZK,2
PNFP,3
UMPQ,2
GNL,2
OPI,2
BPYU,2
APTS,1
BRG,1
GOOD,1
SBRA,3
NHI,3
GMRE,1
300454,1
002008,1
09888,1
603501,1
601138,1
000725,1
00763,1
600703,1
002241,1
600837,1
601668,1
002027,1
600690,1
000100,1
000338,1
600660,1
MORN,1
MCY,3
CHD,2
BLD.AX,1
2875,1
207940.KS,1
RDOR3.SA,1
SUNPHARMA.,1
091990.KS,1
PBCT,4
ADP,1
TCEHY,1
HHC,1
BRKR,3
NNDM,1
VUZI,1
ESLT,1
2010,1
BMI,4
BCPC,2
FELE,1
CPK,5
PNM,1
LNN,1
JJSF,2
688111,1
688036,1
688012,1
688169,1
688005,1
688008,1
688396,1
688099,1
688002,1
AGLTY,1
ZAIN,1
MABANEE,1
GBK,1
HUMANSOFT,1
NIND,1
NRE,1
MNKD,2
OCGN,2
AGNCP,1
VTRS,1
HEI.A,1
SHY,2
FIGXX,1
IHF,1
SPDN,1
IAI,1
IAU,1
BWX,2
NDSN,2
00998,1
SPXL,1
UPRO,1
002812,1
002371,1
002460,1
300450,1
AFRM,1
AVAV,1
AMS.TW,2
DAL.MI,1
VVV,4
RHI,4
CME,1
GNTX,1
KNL,1
TLND,2
WTRE,1
NVG,3
NEA,4
NAD,3
MYI,3
IQI,1
MUI,1
MQY,2
NMCO,1
MHD,2
NZF,2
MCHI,1
FLOT,3
IEMG,3
USAC,1
IEP,1
PEN,1
EVBG,1
GSHD,1
FOXF,1
NTIC,1
UFPT,1
COLL,1
GDP,1
EGLE,1
CBNK,1
GPRE,2
ACB.TO,4
CRON.TO,3
HEXO.TO,2
OGI.TO,3
XXII,1
SNDL.TO,3
WAT,6
GEL,1
FSIXX,2
GWRE,1
ASAN,3
SPCE,5
LC,1
HASI,2
NRZ,2
BXMT,2
TWO,3
PMT,2
3105.TW,1
SWED A,1
IMB.L,1
ON,2
SFOR.L,1
INFO.TO,1
IPL,1
SJR.B,1
FWONK,1
MSGS,1
MANU.L,1
JUVE.MI,1
BVB.DE,1
BATRK,1
WWE,1
EDR,1
BJKAS,1
MTG B,1
DOYU,1
SKLZ,2
NNN,1
WPC,1
VER,4
BNL,2
EPRT,2
HYD,1
UPL.BO,1
500800.BO,1
NSTL,1
ZENITH,1
FBNH,1
STANBIC,1
NIBR,1
FMNL,1
DSRP,1
PAGS.SA,1
JAZZ,2
RGA,2
GIL.TO,1
9503,1
6367,1
ALGN,3
ANSS,2
EQH,1
AMH,3
INVH,2
ELS,2
SUI,2
WEX,1
SITE,1
NCR,1
PTT,1
VEU,1
VUG,3
IEFA,4
SPTM,1
VTI,2
SCHD,1
USMV,1
DHER.DE,2
PEAK,2
OHI,1
ORP.PA,1
AED,1
SYF,2
CYH,4
PBI,2
VRTV,4
TUP,1
TGH,1
CTXS,1
DLTH,1
BWMX.MX,1
FIGS,1
AY.L,1
HIFS,1
LKFN,2
USPH,2
FWRD,1
KAI,1
SNA,2
DLB,2
FLIR,1
LUCK,1
ENGRO,1
HUBC,1
HBL,1
MCB,1
TRG,1
OGDC,1
BAHL,1
UBL,1
CHDN,1
FAST,1
CHWY,1
CVET,1
SPK.BC,1
06865,1
PIN,1
EXG,1
PCI,1
NFJ,2
PDO,1
ETY,1
JPS,1
028050.KS,1
000150.KS,1
120110.KS,1
III.L,2
RF.PA,1
MF.PA,1
HBMN,1
AES,2
NWBI,1
DHRPA,2
CPN,4
NEEPP,3
DHRPB,3
RLJPA,1
DCPPB,1
SCEPH,1
CNPPB,2
SJIV,1
EPRPE,1
NSPA,1
SOLN,3
ALLYPA,3
JPMPC,3
WFCPZ,3
MNRPC,1
NLYPF,1
CLNYPI,1
PSBPZ,1
CLNYPJ,1
VNOPM,1
VNOPL,1
CLNYPH,1
WFCPQ,3
GSPD,2
GSPJ,1
CPJ,2
MSPK,1
MSPI,1
ATHPA,2
USBPH,2
WFCPX,1
USBPM,3
MSPA,1
ETPE,1
DT,2
NEEPQ,1
TPC,2
BDXB,2
EDP,1
GALP,1
EDPR.BC,2
SON,1
RENE,1
JMT,1
NOS,2
JPMPL,2
JPMPD,2
COFPI,3
BACPM,2
ESU21,3
ITRI,3
ELP.SA,1
NGG.L,1
MFC.TO,1
01268,1
6531.TW,1
8046.TW,1
OPER,1
SAVA,1
CSU.TO,1
BYD.TO,1
MCK,2
UFPI,2
NSIT,2
FUL,2
HI,1
MTH,4
CWEB,1
CRBP,1
SNY.PA,2
TRNO,2
DEA,3
DOV,3
PAND,1
MORF,1
HRI,2
OVID,1
PLRX,1
SNBR,2
AAN,2
FCBP,1
HVT,1
IIIN,1
EBSB,1
TBI,2
HT,1
BKD,1
AME,1
CAR,1
AM3D.DE,1
XONE,1
ALTR,1
ALMDG.PA,1
SONO,1
ADS,2
WDFC,2
SMPL,1
EPC,1
PSMT,1
CENTA,1
SHAK,1
STMP,1
LGIH,2
BBBY,3
SHOO,1
LCII,1
SWN,2
HP,3
REGI,1
CLB,1
ADC,5
CBU,2
PPBI,2
BKU,2
ABCB,2
LXP,2
CNMD,2
ITGR,1
JBT,3
REZI,2
KFY,1
AJRD,2
UNF,1
ARNC,3
KWR,1
LTHM,2
ATI,1
UFS,5
OI,1
SCL,1
TSE,1
AEIS,1
LPSN,1
VIAV,2
KLIC,2
CWT,1
SHEN,1
MTSI,1
BAND,2
ALLPH,1
COFPJ,1
DUKPA,1
METPF,1
COTY,1
MKC,1
KDP,1
BAB,3
RPG,4
IUS,4
OMFL,3
PLW,4
IUSS,2
ISDX,3
XMLV,2
SPLV,2
XSLV,2
VRIG,2
BKLN,5
PBTP,2
IIGD,1
PGX,1
IDLV,1
MRO.L,1
CG,1
QTS,2
CONE,3
SIEGY.DE,1
MVIS,1
HZNP,2
ASXC,2
BCRX,1
EWY,1
NSRGY,1
TM,1
RDS.B.L,1
NRG,3
NBR,2
FTI,1
HAL,2
CHX,2
LBRT,2
NOV,2
BKR,1
RIG,2
CAH,1
X,1
BOKF,1
TFSL,1
GBCI,1
SPSB,2
ICVT,2
CREE,2
VBK,1
IWO,1
CA.PA,2
VSS,1
EFG,1
00316,1
CPRI.L,1
CMC6,1
SREPB,1
MSPE,1
MSPF,1
TQQQ,1
QLD,1
ROST,1
DVA,2
CACC,1
VNQ,1
EINC,1
PAVE,1
MOO,2
GDX,1
IGF,1
FRAK,1
601919,1
002254,1
600809,1
002032,1
603882,1
600426,1
JAR.L,2
2802,1
7309,1
S68.SI,1
CLNX.BC,3
HRL,3
KMX,2
EMD,1
EDD,1
JFR,1
NSL,1
MET,5
CSR,1
NSA,3
PLYM,1
LANC,2
LECO,1
TR,1
603799,1
600111,1
600392,1
LYC.AX,1
600549,1
ILU.AX,1
MP,3
TROX,1
601958,1
TCS,3
IEUR,1
BHF,1
TDS,1
AVT,2
KSS,4
INT,3
SNX,3
URI,2
ROL,1
POLY,4
VGLT,1
PHYS.TO,1
GNR,1
TIPX,1
RWR,1
WIP,1
RWX,1
4739,1
8725,1
HEN3.DE,1
G24.DE,1
OMC,5
GPC,1
3702.TW,1
2356.TW,1
2324.TW,2
00151,1
PRGO,2
HRC,1
PINC,1
EHC,1
VRT,3
EA-R,1
HCSG,2
ATRI,1
PDCO,1
SSTK,2
02333,2
6324,1
1590.TW,1
BB.TO,1
HXL,2
ORBC,3
DOC,1
APLE,1
SITC,1
DHT,1
VIVO,1
UBM21,1
ZNM21,1
GLDM,1
BAR,1
OGZD,1
ATAD,1
DSKY,1
SSA,1
AFLT,1
CBOM,1
POG.L,1
HHR,1
LSRG,1
IIM,1
EIM,2
MVF,1
MMU,1
MAV,1
NXJ,1
MLM,1
BLL,1
CORE,2
PBF,1
SAH,1
SPTN,2
MAN,1
SCG.AX,1
01997.HK,1
CBOE,1
COO,1
LASR,1
FTCI,1
ZIP,1
ES,1
COOP,1
BCEI,2
HZO,1
CEIX,1
CONN,2
ZEUS,1
GNW,2
CNSL,2
CXW,1
LEGN,1
TGTX,1
APLS,1
KOD,1
ARNA,1
SWTX,1
WSP.TO,2
AQN.TO,2
CAE.TO,2
CCL.A,1
WDC,1
6976,1
9104,1
7735,1
7936,1
3289,1
AWF,1
SHYG,1
PFLT,1
HYEM,1
EMHY,1
WHF,1
PCY,1
HRB,2
GEF.B,1
ELET6.SA,1
3231.TW,1
PHOR,1
500425.BO,1
ALDAR,2
BRAP4.SA,1
UMI,1
00288,1
ALO.PA,1
BWLPG.SI,1
02386,1
HSBK,1
GOLF,1
CSL,2
VLUE,1
PSCT,1
IWM,3
VDE,1
SCHV,1
URBN,1
EAT,1
PTC,1
NBIX,1
AMG,1
GBR.TO,1
BGL.AX,1
SKE.TO,1
CEY,1
PAF.JO,1
RSG.AX,1
DPM.TO,1
OLA.TO,1
SAIC,1
010130.KS,1
FRES.MX,1
MAG.TO,2
TRQ.TO,1
GATO,1
EXK.TO,1
BEEM,1
HCI,2
HSII,1
CUBI,2
ECPG,1
RXT,1
PE&OLES.MX,1
ELD.TO,1
5857,1
TX.MX,1
SID.SA,1
GGB.SA,1
CNS,1
GFF,1
VOLTAS.BO,1
SRF.BO,1
ZEEL.BO,1
500477.BO,1
ASTRAL.BO,1
526299.BO,1
EQC,2
BKH,1
IDA,2
POR,1
WTM,1
ATR,2
LSTR,2
CDK,1
MMS,1
DTRXX,1
STM.SI,1
2395.TW,1
ST,1
ADT,1
SSIXX,2
OPEN,1
PSTH,1
CLVT.L,1
CCIV,2
LPRO,2
AAQC.U,1
SVAC,1
PRPB,1
APSG,1
CRHC,1
ETAC,1
CCAC,1
AVAN,1
KSMT,1
SPKBU,1
REG,2
QRTEP,1
BACPB,1
WFCPR,1
RE,1
STEM,1
QS,1
SLYV,1
SLYG,1
SCHE,1
SPYG,1
AEL,1
CWH,1
FHI,1
HR.UN.TO,1
DXS.AX,1
LAMR,1
SYY,1
ACI,1
ALLE,2
ULTA,1
4308,1
FNKO,1
MOD,1
TLYS,1
CASH,1
MUR,1
TAP,1
KHC,2
BYND,1
ANGL,1
JPHY,1
UUP,1
IWD,1
HDV,1
SDY,1
XLU,1
PGF,1
VOE,3
IYR,3
IWS,2
CTS,1
NOVT,1
RCKT,1
FAF.TO,1
CPALL-R,1
BDMS-R,1
ADVANC-R,1
DELTA-R,1
PTTEP-R,1
PTTGC-R,1
INTUCH-R,1
TEAM,1
AYX,1
TAN,1
KOMP,1
ARKF,1
ARKG,1
PAWZ,1
ONLN,1
BOTZ,1
CLOU,1
ESPO,1
KSTR,1
STZ,1
GNLN,1
WLN.PA,1
AEE,1
00003.TO,1
H,1
HSTM,2
EXLS,1
OSIS,2
CLAR,1
VGIT,1
WTMF,1
IAG.BC,1
HTHT,1
BIMAS,1
EREGL,1
GARAN,1
AKBNK,1
TCELL,1
KCHOL,1
FROTO,1
TUPRS,1
ASELS,1
SISE,1
CSSEP,1
INNPE,1
IVRPB,1
EMIRATESNB,1
ADCB,1
EMAAR,1
ADIB,1
DIB,1
ADNOCDIST,1
DIC,1
2885.TW,1
2357.TW,2
ETL.PA,1
SESG,1
SIRI,1
SATS,1
4825,1
SAHXX,1
CCO.TO,2
KAP,2
NXE.TO,2
DML.TO,2
EFR,2
PDN.AX,2
U.TO,2
034020.KS,1
UEC,2
047040.KS,1
YCA.L,1
01164,1
RTYU21,2
FRGXX,1
BR,1
SSNC,1
NFG,1
WMK,1
NI,1
LIN,1
UCTT,1
QQQJ,1
EEM,1
IWP,1
IUSB,1
IXN,1
LW,1
LMND,1
PYPL.TO,1
SHOP.SA,1
MELI,1
HEAR,1
RGR,1
IGT,1
6116.TW,1
3481.TW,1
TKG.JO,1
042670.KS,1
BS6,1
BAW.JO,1
VNM,1
NVL,1
MSN,1
VCB,1
1476.TW,1
9910.TW,1
7730,1
NVT.L,1
SKX,1
CR,1
CSTM,1
AON,2
OXLC,1
JQC,1
ECC,1
BKCC,1
AINV,1
PNNT,1
BGX,1
NXT.AX,1
NOA.TO,1
IMO.TO,1
BDX,1
CCL.B.TO,1
TFII.TO,1
CDW,1
OMF,2
CCEP.L,2
PII,2
CRH,1
4704,1
BOX,2
SPT,1
BDN,2
AGEN,1
4974,1
SCA B,1
PCH,1
USFR,1
CBD.SA,1
SDF.DE,1
ECOL,1
CWST,1
GFL.TO,1
MRCY,1
UXIN,1
BTOW3.SA,1
MYTE,1
3092,1
H24.DE,1
BOOZT,1
ZO1.DE,1
OZON,1
SLCA,1
FND,1
BLFS,1
OPCH,1
SGFY,1
QUOT,1
HCAT,1
ANGI,1
YELP,1
MANH,1
FLO,1
BTT,1
NUV,1
CNO,1
TMHC,1
BFS,1
FSP,1
MDRX,1
HTLD,1
CALM,1
ANDE,1
RYAM,1
RLGY,1
SNEX,1
GSAT,1
LITE,1
UHAL,1
HUBG,1
BMBL,1
ZI,1
JTSXX,1
GPS,1
RL,1
AIZ,1
USA,1
BCX,1
NHF,1
VIRT,1
